timestamp,gaze_x,gaze_y,confidence,cpu_percent,memory_used_mb,memory_percent
2025-12-09T18:09:21.399631Z,682,294,1.0,16.7,11571.64,72.3
2025-12-09T18:09:21.418514Z,705,266,1.0,7.7,11571.91,72.3
2025-12-09T18:09:21.439917Z,715,250,1.0,0.0,11571.69,72.3
2025-12-09T18:09:21.473292Z,720,252,1.0,6.2,11571.62,72.3
2025-12-09T18:09:21.493683Z,721,258,1.0,20.0,11571.55,72.3
2025-12-09T18:09:21.540434Z,724,268,1.0,40.9,11571.2,72.3
2025-12-09T18:09:21.558318Z,728,268,1.0,12.5,11571.18,72.3
2025-12-09T18:09:21.601348Z,732,258,1.0,0.0,11571.17,72.3
2025-12-09T18:09:21.621823Z,732,244,1.0,12.5,11571.14,72.3
2025-12-09T18:09:21.681209Z,727,238,1.0,0.0,11571.14,72.3
2025-12-09T18:09:21.700847Z,723,241,1.0,13.3,11571.14,72.3
2025-12-09T18:09:21.748305Z,725,255,1.0,12.5,11571.04,72.3
2025-12-09T18:09:21.766260Z,731,261,1.0,88.9,11570.97,72.3
2025-12-09T18:09:21.807569Z,734,270,1.0,9.5,11570.96,72.3
2025-12-09T18:09:21.827578Z,735,273,1.0,9.1,11570.95,72.3
2025-12-09T18:09:21.872461Z,733,273,1.0,8.3,11570.35,72.3
2025-12-09T18:09:21.890795Z,732,266,1.0,100.0,11570.25,72.3
2025-12-09T18:09:21.940469Z,723,255,1.0,4.2,11568.89,72.3
2025-12-09T18:09:21.960482Z,708,247,1.0,100.0,11568.88,72.3
2025-12-09T18:09:22.001375Z,682,237,1.0,37.5,11568.85,72.3
2025-12-09T18:09:22.023255Z,659,231,1.0,12.5,11568.83,72.3
2025-12-09T18:09:22.080364Z,632,231,1.0,12.5,11568.82,72.3
2025-12-09T18:09:22.099376Z,613,235,1.0,12.5,11568.81,72.3
2025-12-09T18:09:22.148010Z,601,237,1.0,8.3,11568.6,72.3
2025-12-09T18:09:22.166896Z,595,233,1.0,12.5,11568.59,72.3
2025-12-09T18:09:22.208634Z,593,230,1.0,0.0,11568.54,72.3
2025-12-09T18:09:22.228515Z,593,229,1.0,20.0,11568.54,72.3
2025-12-09T18:09:22.273828Z,595,237,1.0,18.2,11568.52,72.3
2025-12-09T18:09:22.305891Z,596,239,1.0,6.2,11568.5,72.3
2025-12-09T18:09:22.341100Z,599,243,1.0,12.5,11568.32,72.3
2025-12-09T18:09:22.366853Z,601,243,1.0,0.0,11566.5,72.3
2025-12-09T18:09:22.400351Z,608,248,1.0,6.2,11578.63,72.3
2025-12-09T18:09:22.431056Z,611,253,1.0,6.2,11572.39,72.3
2025-12-09T18:09:22.480263Z,620,253,1.0,6.2,11570.4,72.3
2025-12-09T18:09:22.500059Z,626,249,1.0,100.0,11567.71,72.3
2025-12-09T18:09:22.547859Z,662,237,1.0,37.5,11565.71,72.3
2025-12-09T18:09:22.565887Z,700,231,1.0,0.0,11565.93,72.3
2025-12-09T18:09:22.607521Z,739,225,1.0,37.5,11565.85,72.3
2025-12-09T18:09:22.626815Z,747,222,1.0,100.0,11565.97,72.3
2025-12-09T18:09:22.673291Z,748,221,1.0,4.2,11566.09,72.3
2025-12-09T18:09:22.692718Z,749,224,1.0,0.0,11566.05,72.3
2025-12-09T18:09:22.738223Z,746,234,1.0,8.3,11565.73,72.3
2025-12-09T18:09:22.757933Z,740,236,1.0,100.0,11565.69,72.3
2025-12-09T18:09:22.800987Z,734,237,1.0,30.8,11565.75,72.3
2025-12-09T18:09:22.818876Z,735,236,1.0,12.5,11565.88,72.3
2025-12-09T18:09:22.879942Z,737,239,1.0,3.1,11565.89,72.3
2025-12-09T18:09:22.900177Z,736,248,1.0,12.5,11565.99,72.3
2025-12-09T18:09:22.948165Z,729,260,1.0,14.3,11565.79,72.3
2025-12-09T18:09:22.966637Z,721,269,1.0,8.3,11565.88,72.3
2025-12-09T18:09:23.010269Z,718,273,1.0,20.0,11565.88,72.3
2025-12-09T18:09:23.039529Z,724,275,1.0,25.0,11565.97,72.3
2025-12-09T18:09:23.074880Z,734,274,1.0,12.5,11566.6,72.3
2025-12-09T18:09:23.094217Z,743,272,1.0,100.0,11566.71,72.3
2025-12-09T18:09:23.140758Z,750,267,1.0,40.0,11571.42,72.3
2025-12-09T18:09:23.163083Z,755,268,1.0,0.0,11571.57,72.3
2025-12-09T18:09:23.200625Z,763,268,1.0,8.3,11571.45,72.3
2025-12-09T18:09:23.219645Z,769,268,1.0,0.0,11571.53,72.3
2025-12-09T18:09:23.280030Z,773,266,1.0,34.4,11571.7,72.3
2025-12-09T18:09:23.298914Z,766,268,1.0,0.0,11571.69,72.3
2025-12-09T18:09:23.347663Z,758,266,1.0,12.0,11571.68,72.3
2025-12-09T18:09:23.380502Z,750,259,1.0,6.2,11571.71,72.3
2025-12-09T18:09:23.409528Z,742,253,1.0,23.5,11571.87,72.3
2025-12-09T18:09:23.429412Z,730,253,1.0,100.0,11571.83,72.3
2025-12-09T18:09:23.473698Z,723,252,1.0,12.0,11571.9,72.3
2025-12-09T18:09:23.493103Z,720,245,1.0,12.5,11571.96,72.3
2025-12-09T18:09:23.539579Z,716,242,1.0,41.7,11571.98,72.3
2025-12-09T18:09:23.566028Z,704,239,1.0,12.5,11571.09,72.3
2025-12-09T18:09:23.600778Z,693,240,1.0,6.2,11584.31,72.4
2025-12-09T18:09:23.617732Z,684,244,1.0,12.5,11578.68,72.3
2025-12-09T18:09:23.680172Z,680,250,1.0,3.1,11575.91,72.3
2025-12-09T18:09:23.699435Z,676,254,1.0,12.5,11572.92,72.3
2025-12-09T18:09:23.749367Z,676,250,1.0,16.7,11570.78,72.3
2025-12-09T18:09:23.767390Z,674,240,1.0,37.5,11571.16,72.3
2025-12-09T18:09:23.807412Z,677,232,1.0,25.0,11571.3,72.3
2025-12-09T18:09:23.830134Z,681,226,1.0,17.6,11571.39,72.3
2025-12-09T18:09:23.873133Z,691,231,1.0,4.2,11571.23,72.3
2025-12-09T18:09:23.907208Z,699,235,1.0,50.0,11571.41,72.3
2025-12-09T18:09:23.941482Z,700,241,1.0,0.0,11571.26,72.3
2025-12-09T18:09:23.961430Z,694,246,1.0,33.3,11571.29,72.3
2025-12-09T18:09:24.001074Z,679,251,1.0,37.5,11571.46,72.3
2025-12-09T18:09:24.020959Z,664,251,1.0,100.0,11572.15,72.3
2025-12-09T18:09:24.079361Z,649,252,1.0,23.5,11572.62,72.3
2025-12-09T18:09:24.098388Z,638,255,1.0,0.0,11572.75,72.3
2025-12-09T18:09:24.147035Z,625,258,1.0,12.5,11572.74,72.3
2025-12-09T18:09:24.176627Z,614,255,1.0,12.5,11572.88,72.3
2025-12-09T18:09:24.208195Z,606,255,1.0,12.5,11572.98,72.3
2025-12-09T18:09:24.238220Z,605,259,1.0,6.2,11573.01,72.3
2025-12-09T18:09:24.273626Z,604,272,1.0,12.5,11573.4,72.3
2025-12-09T18:09:24.298931Z,605,288,1.0,62.5,11573.96,72.3
2025-12-09T18:09:24.349422Z,604,302,1.0,70.8,11575.32,72.3
2025-12-09T18:09:24.369818Z,603,316,1.0,25.0,11575.89,72.3
2025-12-09T18:09:24.410235Z,603,323,1.0,6.2,11576.07,72.3
2025-12-09T18:09:24.434216Z,608,326,1.0,23.5,11576.15,72.3
2025-12-09T18:09:24.464352Z,625,328,1.0,12.5,11585.82,72.4
2025-12-09T18:09:24.493481Z,648,336,1.0,0.0,11585.7,72.4
2025-12-09T18:09:24.556610Z,670,342,1.0,35.3,11585.58,72.4
2025-12-09T18:09:24.583490Z,682,338,1.0,6.2,11585.33,72.4
2025-12-09T18:09:24.609406Z,684,329,1.0,12.5,11585.44,72.4
2025-12-09T18:09:24.630350Z,678,320,1.0,0.0,11585.4,72.4
2025-12-09T18:09:24.672977Z,668,315,1.0,37.5,11585.49,72.4
2025-12-09T18:09:24.709376Z,658,313,1.0,0.0,11585.5,72.4
2025-12-09T18:09:24.741291Z,650,315,1.0,12.5,11585.71,72.4
2025-12-09T18:09:24.760315Z,647,316,1.0,31.2,11584.07,72.4
2025-12-09T18:09:24.801256Z,648,315,1.0,50.0,11583.86,72.4
2025-12-09T18:09:24.820205Z,653,312,1.0,25.0,11583.72,72.4
2025-12-09T18:09:24.866502Z,658,311,1.0,16.7,11593.8,72.4
2025-12-09T18:09:24.892433Z,665,315,1.0,50.0,11591.95,72.4
2025-12-09T18:09:24.953267Z,663,311,1.0,56.2,11594.71,72.4
2025-12-09T18:09:24.978202Z,658,303,1.0,86.7,11594.78,72.4
2025-12-09T18:09:25.009119Z,651,292,1.0,44.4,11594.84,72.4
2025-12-09T18:09:25.032059Z,652,288,1.0,62.5,11594.86,72.4
2025-12-09T18:09:25.069980Z,652,284,1.0,12.5,11596.09,72.4
2025-12-09T18:09:25.103519Z,650,281,1.0,6.2,11596.29,72.4
2025-12-09T18:09:25.141586Z,649,278,1.0,16.7,11597.23,72.5
2025-12-09T18:09:25.167554Z,650,278,1.0,46.2,11597.19,72.5
2025-12-09T18:09:25.209368Z,652,277,1.0,25.0,11597.32,72.5
2025-12-09T18:09:25.229382Z,651,273,1.0,12.5,11597.33,72.5
2025-12-09T18:09:25.265351Z,651,269,1.0,56.2,11597.43,72.5
2025-12-09T18:09:25.299665Z,650,268,1.0,23.5,11597.29,72.5
2025-12-09T18:09:25.347860Z,651,264,1.0,4.2,11597.93,72.5
2025-12-09T18:09:25.367792Z,654,265,1.0,12.5,11598.03,72.5
2025-12-09T18:09:25.410066Z,656,264,1.0,4.2,11598.04,72.5
2025-12-09T18:09:25.436850Z,655,272,1.0,62.5,11598.09,72.5
2025-12-09T18:09:25.473145Z,653,275,1.0,16.7,11600.54,72.5
2025-12-09T18:09:25.496968Z,651,275,1.0,12.5,11600.41,72.5
2025-12-09T18:09:25.539670Z,654,274,1.0,18.8,11599.97,72.5
2025-12-09T18:09:25.559692Z,656,274,1.0,12.5,11600.06,72.5
2025-12-09T18:09:25.600915Z,660,273,1.0,11.8,11600.04,72.5
2025-12-09T18:09:25.621724Z,661,275,1.0,14.3,11600.0,72.5
2025-12-09T18:09:25.667976Z,658,276,1.0,4.2,11600.01,72.5
2025-12-09T18:09:25.688921Z,654,280,1.0,80.0,11600.62,72.5
2025-12-09T18:09:25.747982Z,653,282,1.0,9.4,11600.41,72.5
2025-12-09T18:09:25.779156Z,653,282,1.0,43.8,11600.36,72.5
2025-12-09T18:09:25.811466Z,652,282,1.0,25.0,11600.34,72.5
2025-12-09T18:09:25.830413Z,647,284,1.0,22.2,11600.31,72.5
2025-12-09T18:09:25.873651Z,647,284,1.0,13.0,11600.31,72.5
2025-12-09T18:09:25.902940Z,652,281,1.0,5.9,11600.18,72.5
2025-12-09T18:09:25.940636Z,661,274,1.0,0.0,11599.77,72.5
2025-12-09T18:09:25.959654Z,662,270,1.0,87.5,11598.41,72.5
2025-12-09T18:09:25.999641Z,662,268,1.0,37.5,11598.23,72.5
2025-12-09T18:09:26.028537Z,661,273,1.0,12.5,11598.11,72.5
2025-12-09T18:09:26.067853Z,662,278,1.0,11.8,11603.64,72.5
2025-12-09T18:09:26.088982Z,663,281,1.0,13.3,11600.5,72.5
2025-12-09T18:09:26.147822Z,662,277,1.0,4.0,11598.15,72.5
2025-12-09T18:09:26.167776Z,659,272,1.0,12.5,11598.0,72.5
2025-12-09T18:09:26.208463Z,658,269,1.0,0.0,11597.88,72.5
2025-12-09T18:09:26.231689Z,659,269,1.0,20.0,11597.81,72.5
2025-12-09T18:09:26.273639Z,661,269,1.0,17.6,11597.74,72.5
2025-12-09T18:09:26.292588Z,661,266,1.0,12.5,11597.86,72.5
2025-12-09T18:09:26.340896Z,659,265,1.0,8.3,11597.79,72.5
2025-12-09T18:09:26.360643Z,663,265,1.0,0.0,11597.32,72.5
2025-12-09T18:09:26.399953Z,667,267,1.0,5.9,11597.21,72.5
2025-12-09T18:09:26.418347Z,670,269,1.0,7.1,11597.15,72.5
2025-12-09T18:09:26.466448Z,671,271,1.0,4.0,11597.12,72.5
2025-12-09T18:09:26.486390Z,671,272,1.0,0.0,11597.08,72.5
2025-12-09T18:09:26.546683Z,672,273,1.0,42.4,11596.66,72.5
2025-12-09T18:09:26.573436Z,671,276,1.0,13.3,11596.66,72.5
2025-12-09T18:09:26.608846Z,669,277,1.0,5.9,11596.66,72.5
2025-12-09T18:09:26.634479Z,669,279,1.0,0.0,11596.66,72.5
2025-12-09T18:09:26.674429Z,665,279,1.0,37.5,11596.64,72.5
2025-12-09T18:09:26.693441Z,658,279,1.0,12.5,11596.62,72.5
2025-12-09T18:09:26.739605Z,654,277,1.0,8.3,11596.41,72.4
2025-12-09T18:09:26.758620Z,656,276,1.0,12.5,11596.39,72.4
2025-12-09T18:09:26.800613Z,659,274,1.0,44.0,11595.88,72.4
2025-12-09T18:09:26.819304Z,655,276,1.0,12.5,11595.03,72.4
2025-12-09T18:09:26.865952Z,664,275,1.0,4.2,11594.82,72.4
2025-12-09T18:09:26.884822Z,678,273,1.0,13.3,11594.47,72.4
2025-12-09T18:09:26.947771Z,691,259,0.825,6.5,11589.77,72.4
2025-12-09T18:09:26.966659Z,689,250,0.771,10.0,11589.76,72.4
2025-12-09T18:09:27.010578Z,684,245,1.0,12.5,11589.75,72.4
2025-12-09T18:09:27.032831Z,684,249,1.0,100.0,11589.75,72.4
2025-12-09T18:09:27.073486Z,681,249,1.0,17.4,11589.76,72.4
2025-12-09T18:09:27.095420Z,677,248,1.0,88.9,11589.76,72.4
2025-12-09T18:09:27.140090Z,670,252,1.0,8.3,11589.54,72.4
2025-12-09T18:09:27.169153Z,666,258,1.0,7.1,11588.05,72.4
2025-12-09T18:09:27.201767Z,663,260,1.0,5.9,11587.83,72.4
2025-12-09T18:09:27.224051Z,659,259,1.0,0.0,11587.7,72.4
2025-12-09T18:09:27.265280Z,657,260,1.0,37.5,11587.62,72.4
2025-12-09T18:09:27.294459Z,655,264,1.0,43.8,11587.54,72.4
2025-12-09T18:09:27.346846Z,655,269,1.0,4.2,11586.76,72.4
2025-12-09T18:09:27.370329Z,656,270,1.0,56.2,11586.75,72.4
2025-12-09T18:09:27.410010Z,658,270,1.0,0.0,11586.91,72.4
2025-12-09T18:09:27.435180Z,662,272,1.0,12.5,11600.55,72.5
2025-12-09T18:09:27.473092Z,665,273,1.0,0.0,11600.52,72.5
2025-12-09T18:09:27.493881Z,665,271,1.0,12.5,11598.3,72.5
2025-12-09T18:09:27.540409Z,665,266,1.0,33.3,11594.01,72.4
2025-12-09T18:09:27.560171Z,666,263,1.0,43.8,11593.18,72.4
2025-12-09T18:09:27.601825Z,665,266,1.0,0.0,11592.5,72.4
2025-12-09T18:09:27.622739Z,663,269,1.0,13.3,11592.33,72.4
2025-12-09T18:09:27.665214Z,658,271,1.0,0.0,11592.13,72.4
2025-12-09T18:09:27.683171Z,655,274,1.0,9.1,11592.12,72.4
2025-12-09T18:09:27.748851Z,657,273,1.0,9.4,11591.45,72.4
2025-12-09T18:09:27.768798Z,661,270,1.0,0.0,11591.45,72.4
2025-12-09T18:09:27.810150Z,665,264,1.0,40.0,11591.37,72.4
2025-12-09T18:09:27.832037Z,665,263,1.0,0.0,11591.34,72.4
2025-12-09T18:09:27.874181Z,665,265,1.0,8.3,11591.33,72.4
2025-12-09T18:09:27.901875Z,667,266,1.0,6.7,11591.34,72.4
2025-12-09T18:09:27.940714Z,670,268,1.0,0.0,11591.2,72.4
2025-12-09T18:09:27.962654Z,671,269,1.0,20.0,11591.17,72.4
2025-12-09T18:09:28.000248Z,670,267,1.0,36.4,11590.3,72.4
2025-12-09T18:09:28.019577Z,666,265,1.0,12.5,11590.29,72.4
2025-12-09T18:09:28.064720Z,663,264,1.0,34.6,11590.29,72.4
2025-12-09T18:09:28.083670Z,661,265,1.0,12.5,11590.28,72.4
2025-12-09T18:09:28.148135Z,661,264,1.0,9.4,11590.24,72.4
2025-12-09T18:09:28.167645Z,657,264,1.0,12.5,11590.23,72.4
2025-12-09T18:09:28.210314Z,655,262,1.0,0.0,11590.23,72.4
2025-12-09T18:09:28.232081Z,651,263,1.0,12.5,11590.27,72.4
2025-12-09T18:09:28.274158Z,654,265,1.0,35.3,11590.45,72.4
2025-12-09T18:09:28.311038Z,659,266,1.0,20.8,11590.41,72.4
2025-12-09T18:09:28.341165Z,661,264,1.0,13.3,11590.4,72.4
2025-12-09T18:09:28.371121Z,661,258,1.0,5.9,11589.4,72.4
2025-12-09T18:09:28.401308Z,656,259,1.0,10.0,11589.23,72.4
2025-12-09T18:09:28.422565Z,657,264,1.0,57.1,11589.03,72.4
2025-12-09T18:09:28.467838Z,661,265,1.0,4.3,11588.92,72.4
2025-12-09T18:09:28.489782Z,668,259,1.0,0.0,11588.85,72.4
2025-12-09T18:09:28.551927Z,653,247,1.0,33.3,11588.0,72.4
2025-12-09T18:09:28.570573Z,627,240,1.0,12.5,11588.24,72.4
2025-12-09T18:09:28.609646Z,592,239,1.0,4.2,11588.73,72.4
2025-12-09T18:09:28.635084Z,572,240,1.0,6.2,11589.0,72.4
2025-12-09T18:09:28.672932Z,560,243,1.0,6.2,11589.03,72.4
2025-12-09T18:09:28.699216Z,558,243,1.0,6.2,11589.13,72.4
2025-12-09T18:09:28.739581Z,561,244,1.0,6.2,11588.83,72.4
2025-12-09T18:09:28.758529Z,562,241,1.0,12.5,11588.86,72.4
2025-12-09T18:09:28.799841Z,559,244,1.0,41.7,11588.88,72.4
2025-12-09T18:09:28.819719Z,556,250,1.0,12.5,11588.86,72.4
2025-12-09T18:09:28.866888Z,555,258,1.0,4.2,11588.83,72.4
2025-12-09T18:09:28.889965Z,555,259,1.0,12.5,11600.62,72.5
2025-12-09T18:09:28.947446Z,559,251,1.0,3.6,11599.57,72.5
2025-12-09T18:09:28.982797Z,562,242,1.0,5.3,11598.22,72.5
2025-12-09T18:09:29.009662Z,570,236,1.0,25.0,11595.25,72.4
2025-12-09T18:09:29.030351Z,575,233,1.0,38.5,11594.29,72.4
2025-12-09T18:09:29.074380Z,581,232,1.0,8.7,11593.51,72.4
2025-12-09T18:09:29.108411Z,584,228,1.0,6.2,11593.48,72.4
2025-12-09T18:09:29.139352Z,588,231,1.0,11.8,11592.07,72.4
2025-12-09T18:09:29.169118Z,589,235,1.0,18.8,11592.13,72.4
2025-12-09T18:09:29.200859Z,593,242,1.0,5.9,11591.91,72.4
2025-12-09T18:09:29.221788Z,592,247,1.0,0.0,11591.88,72.4
2025-12-09T18:09:29.264539Z,595,253,1.0,21.7,11591.75,72.4
2025-12-09T18:09:29.295598Z,593,259,1.0,29.4,11591.65,72.4
2025-12-09T18:09:29.348724Z,598,263,1.0,8.0,11591.36,72.4
2025-12-09T18:09:29.369746Z,601,266,1.0,13.3,11591.33,72.4
2025-12-09T18:09:29.409304Z,610,270,1.0,11.1,11591.32,72.4
2025-12-09T18:09:29.434345Z,615,272,1.0,60.0,11591.44,72.4
2025-12-09T18:09:29.470645Z,625,281,1.0,0.0,11591.43,72.4
2025-12-09T18:09:29.489549Z,637,290,1.0,37.5,11591.43,72.4
2025-12-09T18:09:29.540871Z,652,296,1.0,29.2,11591.27,72.4
2025-12-09T18:09:29.561991Z,666,289,1.0,12.5,11589.74,72.4
2025-12-09T18:09:29.599977Z,672,284,1.0,6.2,11589.51,72.4
2025-12-09T18:09:29.619220Z,674,284,1.0,15.4,11589.34,72.4
2025-12-09T18:09:29.665671Z,672,288,1.0,5.0,11589.27,72.4
2025-12-09T18:09:29.684903Z,672,287,1.0,6.7,11589.16,72.4
2025-12-09T18:09:29.746928Z,678,283,1.0,6.2,11587.97,72.4
2025-12-09T18:09:29.764954Z,683,277,1.0,100.0,11588.5,72.4
2025-12-09T18:09:29.809434Z,689,271,1.0,4.2,11588.71,72.4
2025-12-09T18:09:29.842627Z,691,270,1.0,6.2,11588.82,72.4
2025-12-09T18:09:29.871362Z,689,272,1.0,6.7,11588.97,72.4
2025-12-09T18:09:29.905438Z,685,275,1.0,6.7,11589.21,72.4
2025-12-09T18:09:29.940166Z,680,276,1.0,0.0,11589.04,72.4
2025-12-09T18:09:29.960143Z,675,275,1.0,12.5,11589.18,72.4
2025-12-09T18:09:30.000478Z,674,280,1.0,37.5,11589.22,72.4
2025-12-09T18:09:30.019804Z,676,283,1.0,12.5,11588.65,72.4
2025-12-09T18:09:30.064614Z,674,289,1.0,12.5,11588.61,72.4
2025-12-09T18:09:30.092193Z,673,284,1.0,12.5,11588.54,72.4
2025-12-09T18:09:30.148579Z,673,284,1.0,4.2,11588.07,72.4
2025-12-09T18:09:30.166702Z,679,284,1.0,25.0,11588.05,72.4
2025-12-09T18:09:30.208299Z,683,282,1.0,0.0,11588.03,72.4
2025-12-09T18:09:30.233319Z,686,281,1.0,13.3,11588.0,72.4
2025-12-09T18:09:30.274016Z,683,278,1.0,11.8,11588.41,72.4
2025-12-09T18:09:30.293033Z,682,281,1.0,31.2,11588.39,72.4
2025-12-09T18:09:30.341846Z,677,282,1.0,25.0,11602.35,72.5
2025-12-09T18:09:30.362789Z,679,279,1.0,0.0,11601.65,72.5
2025-12-09T18:09:30.400219Z,678,277,1.0,56.2,11598.84,72.5
2025-12-09T18:09:30.425184Z,681,277,1.0,31.2,11598.77,72.5
2025-12-09T18:09:30.464576Z,677,281,1.0,37.5,11599.82,72.5
2025-12-09T18:09:30.483526Z,672,284,1.0,14.3,11600.34,72.5
2025-12-09T18:09:30.548836Z,667,287,1.0,20.6,11600.43,72.5
2025-12-09T18:09:30.566864Z,665,286,1.0,12.5,11600.68,72.5
2025-12-09T18:09:30.611256Z,666,286,1.0,37.5,11600.74,72.5
2025-12-09T18:09:30.642804Z,667,286,1.0,6.2,11600.78,72.5
2025-12-09T18:09:30.673502Z,668,286,1.0,87.5,11600.84,72.5
2025-12-09T18:09:30.702630Z,667,283,1.0,6.2,11600.91,72.5
2025-12-09T18:09:30.741439Z,663,282,1.0,6.2,11600.68,72.5
2025-12-09T18:09:30.761322Z,656,286,1.0,18.8,11599.85,72.5
2025-12-09T18:09:30.800403Z,656,290,1.0,43.8,11599.68,72.5
2025-12-09T18:09:30.820281Z,664,291,1.0,12.5,11599.61,72.5
2025-12-09T18:09:30.865412Z,672,290,1.0,4.2,11599.54,72.5
2025-12-09T18:09:30.892623Z,670,287,1.0,6.2,11599.49,72.5
2025-12-09T18:09:30.946911Z,665,286,1.0,23.1,11599.83,72.5
2025-12-09T18:09:30.970197Z,665,281,1.0,0.0,11599.93,72.5
2025-12-09T18:09:31.008548Z,669,279,1.0,18.8,11600.05,72.5
2025-12-09T18:09:31.032559Z,672,273,1.0,56.2,11600.24,72.5
2025-12-09T18:09:31.072973Z,671,276,1.0,17.6,11600.22,72.5
2025-12-09T18:09:31.093592Z,670,280,1.0,56.2,11600.23,72.5
2025-12-09T18:09:31.139994Z,669,285,1.0,8.3,11600.08,72.5
2025-12-09T18:09:31.175767Z,670,284,1.0,0.0,11600.12,72.5
2025-12-09T18:09:31.200108Z,666,280,1.0,12.5,11600.17,72.5
2025-12-09T18:09:31.221053Z,661,280,1.0,0.0,11600.21,72.5
2025-12-09T18:09:31.265226Z,658,281,1.0,50.0,11600.27,72.5
2025-12-09T18:09:31.285150Z,658,282,1.0,0.0,11600.24,72.5
2025-12-09T18:09:31.347758Z,672,264,1.0,6.2,11600.36,72.5
2025-12-09T18:09:31.379067Z,686,240,1.0,18.8,11600.45,72.5
2025-12-09T18:09:31.411342Z,698,214,0.927,12.5,11600.72,72.5
2025-12-09T18:09:31.432621Z,695,206,0.967,33.3,11600.67,72.5
2025-12-09T18:09:31.472971Z,683,205,1.0,0.0,11600.67,72.5
2025-12-09T18:09:31.503295Z,671,206,1.0,12.5,11600.71,72.5
2025-12-09T18:09:31.542108Z,663,214,1.0,44.0,11606.86,72.5
2025-12-09T18:09:31.562432Z,661,224,1.0,12.5,11605.34,72.5
2025-12-09T18:09:31.601291Z,663,239,1.0,0.0,11603.82,72.5
2025-12-09T18:09:31.622118Z,666,251,1.0,12.5,11603.25,72.5
2025-12-09T18:09:31.666201Z,666,260,1.0,4.2,11602.84,72.5
2025-12-09T18:09:31.693517Z,664,263,1.0,0.0,11602.73,72.5
2025-12-09T18:09:31.748278Z,660,263,1.0,18.8,11602.17,72.5
2025-12-09T18:09:31.772248Z,659,266,1.0,50.0,11602.17,72.5
2025-12-09T18:09:31.810301Z,661,269,1.0,25.0,11602.2,72.5
2025-12-09T18:09:31.840912Z,663,269,1.0,100.0,11602.1,72.5
2025-12-09T18:09:31.872633Z,661,267,1.0,6.2,11601.8,72.5
2025-12-09T18:09:31.897839Z,655,265,1.0,0.0,11601.7,72.5
2025-12-09T18:09:31.939152Z,655,266,1.0,4.2,11599.82,72.5
2025-12-09T18:09:31.960096Z,661,266,1.0,12.5,11599.61,72.5
2025-12-09T18:09:32.001451Z,666,265,1.0,37.5,11599.49,72.5
2025-12-09T18:09:32.023716Z,662,263,1.0,100.0,11599.43,72.5
2025-12-09T18:09:32.064929Z,656,265,1.0,46.2,11599.4,72.5
2025-12-09T18:09:32.083887Z,653,270,1.0,62.5,11599.34,72.5
2025-12-09T18:09:32.148853Z,655,272,1.0,6.2,11598.71,72.5
2025-12-09T18:09:32.183321Z,657,270,1.0,18.2,11598.84,72.5
2025-12-09T18:09:32.207582Z,657,268,1.0,0.0,11599.02,72.5
2025-12-09T18:09:32.240053Z,655,266,1.0,12.5,11599.09,72.5
2025-12-09T18:09:32.272826Z,652,267,1.0,12.5,11599.25,72.5
2025-12-09T18:09:32.293840Z,651,264,1.0,75.0,11599.38,72.5
2025-12-09T18:09:32.340428Z,648,262,1.0,8.3,11599.88,72.5
2025-12-09T18:09:32.361280Z,644,259,1.0,100.0,11600.1,72.5
2025-12-09T18:09:32.402107Z,643,256,1.0,8.3,11600.14,72.5
2025-12-09T18:09:32.423110Z,646,250,1.0,12.5,11600.27,72.5
2025-12-09T18:09:32.464930Z,653,246,1.0,8.3,11600.62,72.5
2025-12-09T18:09:32.487643Z,658,242,1.0,0.0,11600.91,72.5
2025-12-09T18:09:32.547350Z,663,243,1.0,46.9,11600.82,72.5
2025-12-09T18:09:32.567231Z,663,249,1.0,0.0,11601.12,72.5
2025-12-09T18:09:32.609870Z,664,255,1.0,40.0,11601.11,72.5
2025-12-09T18:09:32.630590Z,667,258,1.0,0.0,11601.29,72.5
2025-12-09T18:09:32.674952Z,667,259,1.0,4.2,11601.56,72.5
2025-12-09T18:09:32.696265Z,665,259,1.0,12.5,11601.52,72.5
2025-12-09T18:09:32.753725Z,663,255,1.0,42.4,11603.41,72.5
2025-12-09T18:09:32.780651Z,663,250,1.0,94.1,11611.27,72.5
2025-12-09T18:09:32.802618Z,664,246,1.0,87.5,11609.01,72.5
2025-12-09T18:09:32.825531Z,665,250,1.0,50.0,11608.27,72.5
2025-12-09T18:09:32.865424Z,667,252,1.0,25.0,11607.93,72.5
2025-12-09T18:09:32.886368Z,668,251,1.0,37.5,11607.77,72.5
2025-12-09T18:09:32.949199Z,670,244,1.0,59.4,11605.7,72.5
2025-12-09T18:09:32.968186Z,672,240,1.0,25.0,11605.68,72.5
2025-12-09T18:09:33.009078Z,658,244,1.0,50.0,11605.67,72.5
2025-12-09T18:09:33.029984Z,633,248,1.0,43.8,11605.83,72.5
2025-12-09T18:09:33.072868Z,605,257,1.0,61.1,11602.85,72.5
2025-12-09T18:09:33.097843Z,590,264,1.0,14.3,11602.46,72.5
2025-12-09T18:09:33.146429Z,583,270,1.0,12.5,11601.04,72.5
2025-12-09T18:09:33.176088Z,579,275,1.0,6.2,11601.04,72.5
2025-12-09T18:09:33.207516Z,579,271,1.0,13.3,11601.0,72.5
2025-12-09T18:09:33.231501Z,581,269,1.0,12.5,11600.99,72.5
2025-12-09T18:09:33.268415Z,582,261,1.0,61.1,11600.98,72.5
2025-12-09T18:09:33.290316Z,580,260,1.0,100.0,11600.97,72.5
2025-12-09T18:09:33.356227Z,579,263,1.0,10.0,11599.8,72.5
2025-12-09T18:09:33.375249Z,582,268,1.0,100.0,11599.79,72.5
2025-12-09T18:09:33.409136Z,585,280,1.0,0.0,11599.77,72.5
2025-12-09T18:09:33.437503Z,586,287,1.0,100.0,11599.77,72.5
2025-12-09T18:09:33.472430Z,586,290,1.0,0.0,11599.77,72.5
2025-12-09T18:09:33.498091Z,584,284,1.0,60.0,11599.75,72.5
2025-12-09T18:09:33.540768Z,586,277,1.0,64.7,11599.62,72.5
2025-12-09T18:09:33.562760Z,589,275,1.0,87.5,11599.62,72.5
2025-12-09T18:09:33.601019Z,590,278,1.0,0.0,11599.61,72.5
2025-12-09T18:09:33.621962Z,583,282,1.0,12.5,11599.26,72.5
2025-12-09T18:09:33.665067Z,575,287,1.0,5.9,11599.27,72.5
2025-12-09T18:09:33.688007Z,571,291,1.0,53.3,11599.27,72.5
2025-12-09T18:09:33.750578Z,572,291,1.0,15.6,11598.99,72.5
2025-12-09T18:09:33.768605Z,572,287,1.0,12.5,11595.18,72.4
2025-12-09T18:09:33.809866Z,571,283,1.0,12.5,11582.6,72.4
2025-12-09T18:09:33.831160Z,570,285,1.0,0.0,11577.32,72.3
2025-12-09T18:09:33.873760Z,574,289,1.0,37.5,11577.02,72.3
2025-12-09T18:09:33.892781Z,579,290,1.0,0.0,11576.84,72.3
2025-12-09T18:09:33.941407Z,584,290,1.0,4.2,11575.46,72.3
2025-12-09T18:09:33.959358Z,584,288,1.0,12.5,11575.45,72.3
2025-12-09T18:09:33.999650Z,584,289,1.0,37.5,11590.29,72.4
2025-12-09T18:09:34.018813Z,587,284,1.0,0.0,11587.48,72.4
2025-12-09T18:09:34.065341Z,594,279,1.0,40.0,11589.87,72.4
2025-12-09T18:09:34.083224Z,596,277,1.0,12.5,11583.48,72.4
2025-12-09T18:09:34.146804Z,593,281,1.0,12.5,11577.89,72.3
2025-12-09T18:09:34.165755Z,584,287,1.0,20.0,11574.72,72.3
2025-12-09T18:09:34.208249Z,582,287,1.0,0.0,11573.68,72.3
2025-12-09T18:09:34.231308Z,583,287,1.0,12.5,11573.18,72.3
2025-12-09T18:09:34.273950Z,584,286,1.0,12.5,11572.65,72.3
2025-12-09T18:09:34.294893Z,579,287,1.0,50.0,11572.32,72.3
2025-12-09T18:09:34.340515Z,575,289,1.0,12.5,11575.66,72.3
2025-12-09T18:09:34.359538Z,576,290,1.0,25.0,11571.47,72.3
2025-12-09T18:09:34.402161Z,579,283,1.0,16.7,11571.54,72.3
2025-12-09T18:09:34.422109Z,581,271,1.0,100.0,11572.16,72.3
2025-12-09T18:09:34.466868Z,581,269,1.0,4.2,11572.45,72.3
2025-12-09T18:09:34.496788Z,579,276,1.0,17.6,11572.1,72.3
2025-12-09T18:09:34.531022Z,579,287,1.0,56.2,11571.93,72.3
2025-12-09T18:09:34.553959Z,585,289,1.0,22.2,11571.95,72.3
2025-12-09T18:09:34.609587Z,592,289,1.0,21.9,11572.05,72.3
2025-12-09T18:09:34.628851Z,597,289,1.0,0.0,11572.24,72.3
2025-12-09T18:09:34.672070Z,598,286,1.0,37.5,11572.32,72.3
2025-12-09T18:09:34.695906Z,597,281,1.0,0.0,11572.45,72.3
2025-12-09T18:09:34.740154Z,595,277,1.0,20.0,11572.93,72.3
2025-12-09T18:09:34.761164Z,593,275,1.0,20.0,11573.23,72.3
2025-12-09T18:09:34.801042Z,595,275,1.0,23.5,11573.36,72.3
2025-12-09T18:09:34.819991Z,601,276,1.0,12.5,11573.28,72.3
2025-12-09T18:09:34.866114Z,612,271,0.823,4.2,11573.92,72.3
2025-12-09T18:09:34.885134Z,622,259,0.822,20.0,11573.77,72.3
2025-12-09T18:09:34.933798Z,622,250,1.0,13.3,11574.16,72.3
2025-12-09T18:09:34.955559Z,612,247,1.0,0.0,11574.35,72.3
2025-12-09T18:09:35.008890Z,599,255,1.0,6.9,11574.06,72.3
2025-12-09T18:09:35.029875Z,592,262,1.0,63.6,11574.02,72.3
2025-12-09T18:09:35.072749Z,589,269,1.0,23.8,11574.31,72.3
2025-12-09T18:09:35.093760Z,587,272,1.0,9.1,11574.23,72.3
2025-12-09T18:09:35.141279Z,589,274,1.0,37.5,11574.04,72.3
2025-12-09T18:09:35.168664Z,592,276,1.0,6.2,11574.21,72.3
2025-12-09T18:09:35.202140Z,594,280,1.0,6.7,11574.34,72.3
2025-12-09T18:09:35.223086Z,596,281,1.0,0.0,11575.09,72.3
2025-12-09T18:09:35.266221Z,596,284,1.0,25.0,11575.19,72.3
2025-12-09T18:09:35.284380Z,595,282,1.0,75.0,11575.25,72.3
2025-12-09T18:09:35.332513Z,591,282,1.0,16.7,11575.48,72.3
2025-12-09T18:09:35.350433Z,591,283,1.0,12.5,11590.57,72.4
2025-12-09T18:09:35.408853Z,591,284,1.0,3.1,11585.3,72.4
2025-12-09T18:09:35.433770Z,596,282,1.0,12.5,11588.49,72.4
2025-12-09T18:09:35.473674Z,595,284,1.0,0.0,11585.5,72.4
2025-12-09T18:09:35.494726Z,592,288,1.0,20.0,11581.76,72.4
2025-12-09T18:09:35.540927Z,585,290,1.0,23.3,11578.24,72.3
2025-12-09T18:09:35.574257Z,583,288,1.0,6.2,11577.44,72.3
2025-12-09T18:09:35.600982Z,583,288,1.0,0.0,11576.9,72.3
2025-12-09T18:09:35.624221Z,584,289,1.0,12.5,11576.64,72.3
2025-12-09T18:09:35.665800Z,584,288,1.0,4.8,11576.6,72.3
2025-12-09T18:09:35.685636Z,584,286,1.0,10.0,11576.56,72.3
2025-12-09T18:09:35.733740Z,584,286,1.0,8.0,11575.9,72.3
2025-12-09T18:09:35.754049Z,583,290,1.0,0.0,11575.86,72.3
2025-12-09T18:09:35.808059Z,582,289,1.0,50.0,11575.84,72.3
2025-12-09T18:09:35.829004Z,581,284,1.0,12.5,11575.89,72.3
2025-12-09T18:09:35.878870Z,580,282,1.0,100.0,11576.07,72.3
2025-12-09T18:09:35.905250Z,580,285,1.0,43.8,11575.7,72.3
2025-12-09T18:09:35.941467Z,580,289,1.0,0.0,11575.8,72.3
2025-12-09T18:09:35.961723Z,584,290,1.0,12.5,11575.8,72.3
2025-12-09T18:09:36.000698Z,590,288,1.0,37.5,11575.8,72.3
2025-12-09T18:09:36.022572Z,594,287,1.0,0.0,11575.8,72.3
2025-12-09T18:09:36.065839Z,594,287,1.0,37.5,11575.85,72.3
2025-12-09T18:09:36.089712Z,591,287,1.0,100.0,11575.82,72.3
2025-12-09T18:09:36.131456Z,590,283,1.0,4.3,11575.9,72.3
2025-12-09T18:09:36.151826Z,592,278,1.0,13.3,11575.97,72.3
2025-12-09T18:09:36.211066Z,596,277,1.0,0.0,11576.03,72.3
2025-12-09T18:09:36.233071Z,595,279,1.0,12.5,11575.96,72.3
2025-12-09T18:09:36.275204Z,593,283,1.0,12.5,11576.12,72.3
2025-12-09T18:09:36.295151Z,590,283,1.0,25.0,11576.05,72.3
2025-12-09T18:09:36.340525Z,589,283,1.0,8.7,11575.8,72.3
2025-12-09T18:09:36.372835Z,583,283,1.0,6.2,11575.8,72.3
2025-12-09T18:09:36.401072Z,583,282,1.0,0.0,11575.77,72.3
2025-12-09T18:09:36.422373Z,585,281,1.0,57.1,11575.77,72.3
2025-12-09T18:09:36.466195Z,587,283,1.0,8.3,11574.69,72.3
2025-12-09T18:09:36.485142Z,585,287,1.0,100.0,11567.86,72.3
2025-12-09T18:09:36.532899Z,582,292,1.0,16.7,11564.2,72.2
2025-12-09T18:09:36.552773Z,582,292,1.0,0.0,11561.93,72.2
2025-12-09T18:09:36.608832Z,598,283,1.0,6.2,11561.66,72.2
2025-12-09T18:09:36.639377Z,624,272,1.0,6.2,11561.46,72.2
2025-12-09T18:09:36.673168Z,668,262,1.0,50.0,11561.21,72.2
2025-12-09T18:09:36.700499Z,703,260,1.0,6.7,11561.12,72.2
2025-12-09T18:09:36.741294Z,735,259,1.0,5.9,11559.98,72.2
2025-12-09T18:09:36.762182Z,755,257,1.0,12.5,11566.99,72.3
2025-12-09T18:09:36.800986Z,775,261,1.0,18.8,11576.09,72.3
2025-12-09T18:09:36.821656Z,791,271,1.0,12.5,11576.32,72.3
2025-12-09T18:09:36.865082Z,801,276,1.0,4.2,11580.28,72.3
2025-12-09T18:09:36.886026Z,804,277,1.0,18.8,11575.62,72.3
2025-12-09T18:09:36.931806Z,797,281,1.0,10.5,11575.2,72.3
2025-12-09T18:09:36.949717Z,790,288,1.0,8.3,11571.93,72.3
2025-12-09T18:09:37.007980Z,790,290,1.0,0.0,11568.98,72.3
2025-12-09T18:09:37.043886Z,797,281,1.0,50.0,11566.95,72.3
2025-12-09T18:09:37.072227Z,800,270,1.0,37.5,11566.03,72.3
2025-12-09T18:09:37.106589Z,792,267,1.0,8.3,11565.79,72.3
2025-12-09T18:09:37.140060Z,785,268,1.0,12.5,11564.2,72.2
2025-12-09T18:09:37.170725Z,784,268,1.0,6.7,11564.15,72.2
2025-12-09T18:09:37.200447Z,779,277,1.0,5.9,11563.96,72.2
2025-12-09T18:09:37.221581Z,771,301,1.0,0.0,11563.91,72.2
2025-12-09T18:09:37.266338Z,754,320,1.0,41.7,11563.84,72.2
2025-12-09T18:09:37.285362Z,743,327,1.0,0.0,11563.83,72.2
2025-12-09T18:09:37.331921Z,736,310,1.0,4.2,11563.41,72.2
2025-12-09T18:09:37.349801Z,733,295,1.0,12.5,11563.32,72.2
2025-12-09T18:09:37.409613Z,725,282,1.0,3.1,11563.25,72.2
2025-12-09T18:09:37.429560Z,711,280,1.0,50.0,11563.22,72.2
2025-12-09T18:09:37.473560Z,699,280,1.0,8.3,11563.76,72.2
2025-12-09T18:09:37.499079Z,694,283,1.0,13.3,11563.72,72.2
2025-12-09T18:09:37.539679Z,696,284,1.0,47.1,11563.45,72.2
2025-12-09T18:09:37.561552Z,702,285,1.0,37.5,11563.45,72.2
2025-12-09T18:09:37.600391Z,706,285,1.0,0.0,11563.43,72.2
2025-12-09T18:09:37.618411Z,702,286,1.0,20.0,11563.43,72.2
2025-12-09T18:09:37.666172Z,694,285,1.0,0.0,11563.43,72.2
2025-12-09T18:09:37.685056Z,688,281,1.0,9.1,11563.43,72.2
2025-12-09T18:09:37.731848Z,686,282,1.0,8.0,11563.19,72.2
2025-12-09T18:09:37.750163Z,687,297,1.0,0.0,11561.73,72.2
2025-12-09T18:09:37.809800Z,686,312,1.0,31.2,11561.5,72.2
2025-12-09T18:09:37.831025Z,684,314,1.0,0.0,11561.3,72.2
2025-12-09T18:09:37.874385Z,675,296,1.0,37.5,11561.22,72.2
2025-12-09T18:09:37.895202Z,669,283,1.0,0.0,11561.15,72.2
2025-12-09T18:09:37.941288Z,668,278,1.0,8.3,11560.02,72.2
2025-12-09T18:09:37.962517Z,676,281,1.0,12.5,11560.41,72.2
2025-12-09T18:09:38.001088Z,678,277,1.0,37.5,11560.69,72.2
2025-12-09T18:09:38.020038Z,674,274,1.0,12.5,11560.6,72.2
2025-12-09T18:09:38.065909Z,670,270,1.0,40.0,11560.82,72.2
2025-12-09T18:09:38.091502Z,675,271,1.0,56.2,11565.76,72.3
2025-12-09T18:09:38.130365Z,680,271,1.0,6.2,11575.55,72.3
2025-12-09T18:09:38.152488Z,678,267,1.0,12.5,11584.7,72.4
2025-12-09T18:09:38.209506Z,675,267,1.0,0.0,11576.97,72.3
2025-12-09T18:09:38.230243Z,673,268,1.0,13.3,11581.08,72.4
2025-12-09T18:09:38.272296Z,675,271,1.0,11.8,11575.25,72.3
2025-12-09T18:09:38.309899Z,674,267,1.0,37.5,11571.65,72.3
2025-12-09T18:09:38.338714Z,674,264,1.0,20.0,11566.72,72.3
2025-12-09T18:09:38.368517Z,677,264,1.0,6.2,11565.84,72.3
2025-12-09T18:09:38.400173Z,683,265,1.0,0.0,11565.02,72.3
2025-12-09T18:09:38.421499Z,692,261,1.0,56.2,11564.74,72.3
2025-12-09T18:09:38.465323Z,695,258,1.0,4.5,11564.61,72.3
2025-12-09T18:09:38.494831Z,693,259,1.0,0.0,11564.5,72.3
2025-12-09T18:09:38.531407Z,688,263,1.0,42.9,11563.95,72.2
2025-12-09T18:09:38.550240Z,688,264,1.0,0.0,11563.79,72.2
2025-12-09T18:09:38.608031Z,689,262,1.0,30.3,11563.78,72.2
2025-12-09T18:09:38.626370Z,691,264,1.0,0.0,11563.76,72.2
2025-12-09T18:09:38.671875Z,688,269,1.0,4.2,11563.75,72.2
2025-12-09T18:09:38.695539Z,686,275,1.0,0.0,11563.7,72.2
2025-12-09T18:09:38.741006Z,681,279,1.0,8.3,11563.5,72.2
2025-12-09T18:09:38.779392Z,680,277,1.0,28.0,11563.48,72.2
2025-12-09T18:09:38.803497Z,691,274,1.0,12.5,11563.99,72.2
2025-12-09T18:09:38.824462Z,711,276,1.0,18.8,11563.99,72.2
2025-12-09T18:09:38.865983Z,725,263,0.832,0.0,11563.99,72.2
2025-12-09T18:09:38.885930Z,719,248,0.778,13.3,11563.99,72.2
2025-12-09T18:09:38.933446Z,715,232,1.0,16.0,11564.49,72.3
2025-12-09T18:09:38.952396Z,724,236,1.0,100.0,11564.66,72.3
2025-12-09T18:09:39.016263Z,733,244,1.0,31.2,11566.2,72.3
2025-12-09T18:09:39.037172Z,731,251,1.0,50.0,11566.34,72.3
2025-12-09T18:09:39.073540Z,715,254,1.0,42.9,11566.54,72.3
2025-12-09T18:09:39.096481Z,700,255,1.0,18.2,11566.22,72.3
2025-12-09T18:09:39.147344Z,689,258,1.0,91.7,11582.33,72.4
2025-12-09T18:09:39.167316Z,684,262,1.0,25.0,11579.07,72.3
2025-12-09T18:09:39.199244Z,687,269,1.0,12.5,11578.72,72.3
2025-12-09T18:09:39.228169Z,693,271,1.0,0.0,11578.56,72.3
2025-12-09T18:09:39.269879Z,698,270,1.0,41.7,11578.4,72.3
2025-12-09T18:09:39.291800Z,697,263,1.0,37.5,11578.32,72.3
2025-12-09T18:09:39.334632Z,691,262,1.0,18.8,11579.07,72.3
2025-12-09T18:09:39.358567Z,686,263,1.0,50.0,11583.15,72.4
2025-12-09T18:09:39.415416Z,684,266,1.0,37.5,11623.52,72.6
2025-12-09T18:09:39.446332Z,682,263,1.0,100.0,11621.88,72.6
2025-12-09T18:09:39.479245Z,683,260,1.0,79.2,11620.23,72.6
2025-12-09T18:09:39.500188Z,686,259,1.0,100.0,11628.96,72.7
2025-12-09T18:09:39.542076Z,686,259,1.0,76.0,11631.69,72.7
2025-12-09T18:09:39.561066Z,683,266,1.0,22.2,11631.36,72.7
2025-12-09T18:09:39.609403Z,681,271,1.0,12.0,11631.45,72.7
2025-12-09T18:09:39.645267Z,680,275,1.0,56.2,11643.67,72.7
2025-12-09T18:09:39.677220Z,680,272,1.0,18.8,11642.2,72.7
2025-12-09T18:09:39.703131Z,681,267,1.0,12.5,11642.14,72.7
2025-12-09T18:09:39.744999Z,672,263,1.0,25.0,11643.7,72.7
2025-12-09T18:09:39.780902Z,658,257,1.0,75.0,11650.91,72.8
2025-12-09T18:09:39.813814Z,631,252,1.0,70.8,11665.43,72.9
2025-12-09T18:09:39.837755Z,611,248,1.0,100.0,11665.16,72.9
2025-12-09T18:09:39.882499Z,596,244,1.0,52.0,11665.21,72.9
2025-12-09T18:09:39.914413Z,590,242,1.0,56.2,11665.28,72.9
2025-12-09T18:09:39.942343Z,586,237,1.0,12.5,11665.18,72.9
2025-12-09T18:09:39.964279Z,580,236,1.0,12.5,11665.25,72.9
2025-12-09T18:09:40.012326Z,579,234,1.0,60.0,11665.41,72.9
2025-12-09T18:09:40.045237Z,581,237,1.0,62.5,11665.65,72.9
2025-12-09T18:09:40.067237Z,584,240,1.0,62.5,11667.74,72.9
2025-12-09T18:09:40.089128Z,583,241,1.0,18.2,11667.28,72.9
2025-12-09T18:09:40.145789Z,584,237,1.0,10.3,11667.06,72.9
2025-12-09T18:09:40.165708Z,585,233,1.0,20.0,11666.03,72.9
2025-12-09T18:09:40.211920Z,589,234,1.0,18.2,11664.89,72.9
2025-12-09T18:09:40.235899Z,594,239,1.0,37.5,11658.36,72.8
2025-12-09T18:09:40.275792Z,598,240,1.0,81.2,11658.02,72.8
2025-12-09T18:09:40.295696Z,599,233,1.0,56.2,11658.0,72.8
2025-12-09T18:09:40.353344Z,597,228,1.0,8.3,11661.54,72.9
2025-12-09T18:09:40.375500Z,595,229,1.0,18.8,11662.64,72.9
2025-12-09T18:09:40.400699Z,591,232,1.0,6.7,11662.93,72.9
2025-12-09T18:09:40.421521Z,590,235,1.0,11.1,11662.9,72.9
2025-12-09T18:09:40.475251Z,588,240,1.0,12.5,11641.2,72.7
2025-12-09T18:09:40.496439Z,586,244,1.0,29.4,11644.64,72.8
2025-12-09T18:09:40.529111Z,584,247,1.0,25.0,11648.19,72.8
2025-12-09T18:09:40.549057Z,583,248,1.0,0.0,11644.58,72.8
2025-12-09T18:09:40.612521Z,585,248,1.0,30.3,11642.7,72.7
2025-12-09T18:09:40.649635Z,591,246,1.0,18.8,11642.79,72.7
2025-12-09T18:09:40.673629Z,596,244,1.0,18.8,11642.58,72.7
2025-12-09T18:09:40.696818Z,595,245,1.0,11.1,11642.51,72.7
2025-12-09T18:09:40.737760Z,593,247,1.0,0.0,11642.5,72.7
2025-12-09T18:09:40.758779Z,589,249,1.0,12.5,11642.46,72.7
2025-12-09T18:09:40.805047Z,583,248,1.0,60.0,11642.13,72.7
2025-12-09T18:09:40.834644Z,576,243,1.0,17.6,11641.52,72.7
2025-12-09T18:09:40.864327Z,575,239,1.0,6.2,11641.38,72.7
2025-12-09T18:09:40.884285Z,580,236,1.0,27.3,11641.28,72.7
2025-12-09T18:09:40.930840Z,585,240,1.0,0.0,11641.12,72.7
2025-12-09T18:09:40.961099Z,587,245,1.0,6.2,11641.02,72.7
2025-12-09T18:09:41.012647Z,588,250,1.0,18.2,11640.18,72.7
2025-12-09T18:09:41.035939Z,590,249,1.0,25.0,11640.18,72.7
2025-12-09T18:09:41.073741Z,592,249,1.0,20.8,11640.18,72.7
2025-12-09T18:09:41.098814Z,593,250,1.0,0.0,11640.18,72.7
2025-12-09T18:09:41.139109Z,597,247,1.0,20.8,11640.18,72.7
2025-12-09T18:09:41.162329Z,602,240,1.0,0.0,11640.18,72.7
2025-12-09T18:09:41.202363Z,606,239,1.0,37.5,11640.07,72.7
2025-12-09T18:09:41.222798Z,605,238,1.0,0.0,11640.07,72.7
2025-12-09T18:09:41.265877Z,602,240,1.0,37.5,11640.24,72.7
2025-12-09T18:09:41.284826Z,598,236,1.0,12.5,11640.17,72.7
2025-12-09T18:09:41.330014Z,596,235,1.0,45.8,11640.16,72.7
2025-12-09T18:09:41.348963Z,595,229,1.0,12.5,11637.95,72.7
2025-12-09T18:09:41.420309Z,594,227,1.0,12.5,11639.46,72.7
2025-12-09T18:09:41.440432Z,591,226,1.0,0.0,11638.34,72.7
2025-12-09T18:09:41.473093Z,593,232,1.0,6.2,11638.26,72.7
2025-12-09T18:09:41.501259Z,596,237,1.0,6.2,11638.3,72.7
2025-12-09T18:09:41.535476Z,601,234,1.0,70.6,11638.43,72.7
2025-12-09T18:09:41.554765Z,600,234,1.0,12.5,11638.36,72.7
2025-12-09T18:09:41.604247Z,604,246,1.0,11.5,11637.83,72.7
2025-12-09T18:09:41.628035Z,610,260,1.0,0.0,11637.87,72.7
2025-12-09T18:09:41.666073Z,613,268,1.0,47.6,11637.85,72.7
2025-12-09T18:09:41.683375Z,609,259,1.0,9.1,11637.84,72.7
2025-12-09T18:09:41.729329Z,602,249,1.0,4.2,11640.73,72.7
2025-12-09T18:09:41.748278Z,598,238,1.0,12.5,11647.94,72.8
2025-12-09T18:09:41.812053Z,593,228,1.0,51.4,11643.51,72.7
2025-12-09T18:09:41.844469Z,590,225,1.0,23.5,11641.77,72.7
2025-12-09T18:09:41.873395Z,588,227,1.0,6.2,11641.59,72.7
2025-12-09T18:09:41.893409Z,588,230,1.0,12.5,11641.23,72.7
2025-12-09T18:09:41.937609Z,591,229,1.0,68.0,11641.16,72.7
2025-12-09T18:09:41.957888Z,593,226,1.0,0.0,11640.97,72.7
2025-12-09T18:09:42.004175Z,594,221,1.0,12.5,11640.2,72.7
2025-12-09T18:09:42.031154Z,591,217,1.0,31.2,11640.08,72.7
2025-12-09T18:09:42.064499Z,590,216,1.0,18.8,11640.04,72.7
2025-12-09T18:09:42.093435Z,593,224,1.0,25.0,11640.02,72.7
2025-12-09T18:09:42.129996Z,597,232,1.0,0.0,11640.0,72.7
2025-12-09T18:09:42.154746Z,598,236,1.0,12.5,11640.0,72.7
2025-12-09T18:09:42.213137Z,596,239,1.0,13.8,11639.79,72.7
2025-12-09T18:09:42.233035Z,595,243,1.0,10.0,11639.75,72.7
2025-12-09T18:09:42.273621Z,598,247,1.0,17.6,11639.73,72.7
2025-12-09T18:09:42.292701Z,601,244,1.0,43.8,11639.73,72.7
2025-12-09T18:09:42.337303Z,600,240,1.0,0.0,11639.71,72.7
2025-12-09T18:09:42.357412Z,595,236,1.0,18.8,11639.71,72.7
2025-12-09T18:09:42.404271Z,593,233,1.0,13.0,11639.43,72.7
2025-12-09T18:09:42.425283Z,599,230,1.0,0.0,11637.98,72.7
2025-12-09T18:09:42.465871Z,607,232,1.0,37.5,11637.74,72.7
2025-12-09T18:09:42.498077Z,610,236,1.0,6.7,11638.03,72.7
2025-12-09T18:09:42.529329Z,605,234,1.0,27.8,11637.93,72.7
2025-12-09T18:09:42.549343Z,597,228,1.0,25.0,11637.88,72.7
2025-12-09T18:09:42.611689Z,591,224,1.0,9.4,11637.01,72.7
2025-12-09T18:09:42.633012Z,591,226,1.0,12.5,11637.33,72.7
2025-12-09T18:09:42.673070Z,598,227,1.0,41.7,11637.38,72.7
2025-12-09T18:09:42.698965Z,605,228,1.0,6.2,11637.37,72.7
2025-12-09T18:09:42.738885Z,612,227,1.0,0.0,11637.57,72.7
2025-12-09T18:09:42.758899Z,614,226,1.0,50.0,11637.54,72.7
2025-12-09T18:09:42.805122Z,616,224,1.0,37.5,11637.81,72.7
2025-12-09T18:09:42.826067Z,620,226,1.0,25.0,11637.88,72.7
2025-12-09T18:09:42.865877Z,621,228,1.0,0.0,11638.0,72.7
2025-12-09T18:09:42.884832Z,620,227,1.0,12.5,11638.38,72.7
2025-12-09T18:09:42.928826Z,615,227,1.0,0.0,11638.5,72.7
2025-12-09T18:09:42.948841Z,613,229,1.0,12.5,11638.84,72.7
2025-12-09T18:09:43.013990Z,613,226,1.0,9.4,11648.66,72.8
2025-12-09T18:09:43.044750Z,618,223,1.0,31.2,11648.63,72.8
2025-12-09T18:09:43.074059Z,629,220,0.715,7.7,11646.07,72.8
2025-12-09T18:09:43.105061Z,641,231,0.663,6.2,11643.98,72.7
2025-12-09T18:09:43.139357Z,641,234,1.0,11.8,11643.12,72.7
2025-12-09T18:09:43.166857Z,633,232,1.0,5.6,11643.04,72.7
2025-12-09T18:09:43.205482Z,618,225,1.0,11.8,11641.88,72.7
2025-12-09T18:09:43.231461Z,612,223,1.0,20.0,11641.73,72.7
2025-12-09T18:09:43.265810Z,606,229,1.0,47.1,11641.69,72.7
2025-12-09T18:09:43.285199Z,601,235,1.0,37.5,11641.62,72.7
2025-12-09T18:09:43.328721Z,592,236,1.0,56.0,11641.58,72.7
2025-12-09T18:09:43.355528Z,586,238,1.0,6.2,11641.56,72.7
2025-12-09T18:09:43.412645Z,582,241,1.0,4.2,11641.45,72.7
2025-12-09T18:09:43.434139Z,583,245,1.0,12.5,11641.43,72.7
2025-12-09T18:09:43.473961Z,586,247,1.0,0.0,11641.36,72.7
2025-12-09T18:09:43.498798Z,587,247,1.0,12.5,11641.3,72.7
2025-12-09T18:09:43.538124Z,589,247,1.0,18.8,11641.1,72.7
2025-12-09T18:09:43.559064Z,590,244,1.0,68.8,11641.0,72.7
2025-12-09T18:09:43.604881Z,589,243,1.0,8.7,11638.41,72.7
2025-12-09T18:09:43.625780Z,585,246,1.0,11.1,11638.13,72.7
2025-12-09T18:09:43.666402Z,581,254,1.0,4.8,11637.96,72.7
2025-12-09T18:09:43.685351Z,580,257,1.0,10.0,11637.89,72.7
2025-12-09T18:09:43.728556Z,583,256,1.0,4.5,11637.76,72.7
2025-12-09T18:09:43.749505Z,586,256,1.0,9.1,11637.66,72.7
2025-12-09T18:09:43.813636Z,594,257,1.0,31.2,11636.88,72.7
2025-12-09T18:09:43.833574Z,601,260,1.0,0.0,11637.29,72.7
2025-12-09T18:09:43.874070Z,607,256,1.0,12.5,11637.27,72.7
2025-12-09T18:09:43.906827Z,609,248,1.0,6.2,11637.77,72.7
2025-12-09T18:09:43.936753Z,605,240,1.0,52.9,11638.04,72.7
2025-12-09T18:09:43.962060Z,601,238,1.0,27.3,11638.2,72.7
2025-12-09T18:09:44.006408Z,597,240,1.0,4.5,11638.36,72.7
2025-12-09T18:09:44.026736Z,594,242,1.0,25.0,11638.23,72.7
2025-12-09T18:09:44.064437Z,598,248,1.0,35.3,11638.36,72.7
2025-12-09T18:09:44.095945Z,603,251,1.0,56.2,11638.45,72.7
2025-12-09T18:09:44.131267Z,607,248,1.0,12.5,11638.76,72.7
2025-12-09T18:09:44.150524Z,605,240,1.0,13.3,11638.95,72.7
2025-12-09T18:09:44.213345Z,593,235,1.0,12.9,11638.68,72.7
2025-12-09T18:09:44.233292Z,580,235,1.0,10.0,11639.02,72.7
2025-12-09T18:09:44.273439Z,557,239,1.0,12.5,11639.02,72.7
2025-12-09T18:09:44.295380Z,537,241,1.0,70.6,11645.09,72.8
2025-12-09T18:09:44.336909Z,511,250,1.0,0.0,11648.39,72.8
2025-12-09T18:09:44.357877Z,498,263,1.0,12.5,11645.86,72.8
2025-12-09T18:09:44.406007Z,488,275,1.0,8.3,11642.31,72.7
2025-12-09T18:09:44.433148Z,488,279,1.0,6.7,11642.32,72.7
2025-12-09T18:09:44.465365Z,487,280,1.0,5.9,11642.11,72.7
2025-12-09T18:09:44.489301Z,487,283,1.0,0.0,11642.16,72.7
2025-12-09T18:09:44.529754Z,488,284,1.0,29.2,11641.97,72.7
2025-12-09T18:09:44.560098Z,491,281,1.0,50.0,11642.01,72.7
2025-12-09T18:09:44.596773Z,493,279,1.0,0.0,11641.63,72.7
2025-12-09T18:09:44.616717Z,489,284,1.0,37.5,11641.55,72.7
2025-12-09T18:09:44.675092Z,485,288,1.0,3.1,11641.52,72.7
2025-12-09T18:09:44.698884Z,484,285,1.0,60.0,11641.51,72.7
2025-12-09T18:09:44.735731Z,489,279,1.0,11.1,11641.49,72.7
2025-12-09T18:09:44.757605Z,491,278,1.0,12.5,11641.49,72.7
2025-12-09T18:09:44.805340Z,496,276,1.0,29.2,11640.0,72.7
2025-12-09T18:09:44.827347Z,499,274,1.0,18.8,11639.62,72.7
2025-12-09T18:09:44.866444Z,501,271,1.0,0.0,11639.27,72.7
2025-12-09T18:09:44.889025Z,498,272,1.0,18.8,11639.1,72.7
2025-12-09T18:09:44.930484Z,495,275,1.0,0.0,11639.0,72.7
2025-12-09T18:09:44.949372Z,492,276,1.0,12.5,11638.89,72.7
2025-12-09T18:09:44.998723Z,492,279,1.0,12.5,11638.12,72.7
2025-12-09T18:09:45.017603Z,490,281,1.0,0.0,11638.06,72.7
2025-12-09T18:09:45.073740Z,486,280,1.0,43.3,11638.3,72.7
2025-12-09T18:09:45.093619Z,484,274,1.0,10.0,11638.77,72.7
2025-12-09T18:09:45.136450Z,484,272,1.0,8.3,11638.69,72.7
2025-12-09T18:09:45.158835Z,484,277,1.0,100.0,11638.96,72.7
2025-12-09T18:09:45.206096Z,485,277,1.0,4.2,11638.94,72.7
2025-12-09T18:09:45.241025Z,486,271,1.0,50.0,11639.3,72.7
2025-12-09T18:09:45.265617Z,490,257,1.0,18.8,11639.31,72.7
2025-12-09T18:09:45.291823Z,494,250,1.0,37.5,11639.49,72.7
2025-12-09T18:09:45.329616Z,496,249,1.0,50.0,11639.69,72.7
2025-12-09T18:09:45.349495Z,497,253,1.0,0.0,11639.76,72.7
2025-12-09T18:09:45.398791Z,498,259,1.0,8.3,11640.59,72.7
2025-12-09T18:09:45.421733Z,499,260,1.0,12.5,11640.53,72.7
2025-12-09T18:09:45.473108Z,498,261,1.0,0.0,11640.99,72.7
2025-12-09T18:09:45.493065Z,499,258,1.0,12.5,11641.25,72.7
2025-12-09T18:09:45.536376Z,501,257,1.0,25.0,11641.64,72.7
2025-12-09T18:09:45.558858Z,504,255,1.0,25.0,11641.98,72.7
2025-12-09T18:09:45.606675Z,502,260,1.0,8.3,11648.49,72.8
2025-12-09T18:09:45.632986Z,501,262,1.0,0.0,11646.47,72.8
2025-12-09T18:09:45.664900Z,499,265,1.0,6.2,11644.85,72.8
2025-12-09T18:09:45.694995Z,497,262,1.0,6.2,11644.47,72.8
2025-12-09T18:09:45.730152Z,494,265,1.0,8.3,11644.34,72.7
2025-12-09T18:09:45.750034Z,491,269,1.0,37.5,11644.08,72.7
2025-12-09T18:09:45.797107Z,493,277,1.0,45.8,11643.12,72.7
2025-12-09T18:09:45.817305Z,496,278,1.0,12.5,11643.11,72.7
2025-12-09T18:09:45.872957Z,499,278,1.0,6.2,11643.03,72.7
2025-12-09T18:09:45.893900Z,493,277,1.0,0.0,11642.97,72.7
2025-12-09T18:09:45.937814Z,489,275,1.0,66.7,11642.97,72.7
2025-12-09T18:09:45.958757Z,486,271,1.0,0.0,11642.93,72.7
2025-12-09T18:09:46.007000Z,489,264,1.0,25.0,11642.38,72.7
2025-12-09T18:09:46.034691Z,491,263,1.0,18.8,11642.19,72.7
2025-12-09T18:09:46.065653Z,490,262,1.0,29.4,11642.13,72.7
2025-12-09T18:09:46.085868Z,487,263,1.0,25.0,11642.08,72.7
2025-12-09T18:09:46.128735Z,486,260,1.0,4.2,11642.05,72.7
2025-12-09T18:09:46.149613Z,487,257,1.0,12.5,11642.02,72.7
2025-12-09T18:09:46.196597Z,493,259,1.0,15.4,11641.62,72.7
2025-12-09T18:09:46.215627Z,496,261,1.0,7.1,11641.68,72.7
2025-12-09T18:09:46.272989Z,496,264,1.0,0.0,11641.66,72.7
2025-12-09T18:09:46.300445Z,488,264,1.0,37.5,11641.72,72.7
2025-12-09T18:09:46.336712Z,480,266,1.0,18.8,11641.74,72.7
2025-12-09T18:09:46.359108Z,477,269,1.0,12.5,11641.77,72.7
2025-12-09T18:09:46.406384Z,486,271,1.0,8.3,11641.8,72.7
2025-12-09T18:09:46.426337Z,501,266,1.0,0.0,11641.81,72.7
2025-12-09T18:09:46.466193Z,525,260,1.0,8.3,11641.96,72.7
2025-12-09T18:09:46.486145Z,547,254,1.0,0.0,11642.0,72.7
2025-12-09T18:09:46.529488Z,567,251,1.0,36.0,11641.98,72.7
2025-12-09T18:09:46.548418Z,577,251,1.0,77.8,11642.0,72.7
2025-12-09T18:09:46.597158Z,581,253,1.0,8.3,11641.91,72.7
2025-12-09T18:09:46.617179Z,585,256,1.0,12.5,11641.93,72.7
2025-12-09T18:09:46.672902Z,590,257,1.0,28.1,11641.97,72.7
2025-12-09T18:09:46.693776Z,593,256,1.0,0.0,11641.98,72.7
2025-12-09T18:09:46.739260Z,595,259,1.0,8.3,11642.07,72.7
2025-12-09T18:09:46.767934Z,596,265,1.0,12.5,11642.2,72.7
2025-12-09T18:09:46.805569Z,594,270,1.0,68.8,11642.13,72.7
2025-12-09T18:09:46.826555Z,592,269,1.0,18.8,11642.26,72.7
2025-12-09T18:09:46.867453Z,606,269,1.0,0.0,11642.43,72.7
2025-12-09T18:09:46.885781Z,630,269,1.0,18.8,11650.8,72.8
2025-12-09T18:09:46.930096Z,657,268,1.0,0.0,11647.92,72.8
2025-12-09T18:09:46.952967Z,669,262,1.0,12.5,11646.84,72.8
2025-12-09T18:09:46.997084Z,677,260,1.0,16.7,11645.61,72.8
2025-12-09T18:09:47.016036Z,685,263,1.0,88.9,11643.41,72.7
2025-12-09T18:09:47.075042Z,694,273,1.0,25.8,11642.32,72.7
2025-12-09T18:09:47.096085Z,702,284,1.0,0.0,11641.95,72.7
2025-12-09T18:09:47.137965Z,702,290,1.0,37.5,11641.9,72.7
2025-12-09T18:09:47.160954Z,697,287,1.0,22.2,11641.75,72.7
2025-12-09T18:09:47.206047Z,692,284,1.0,4.2,11640.8,72.7
2025-12-09T18:09:47.227123Z,691,285,1.0,12.5,11641.61,72.7
2025-12-09T18:09:47.265481Z,692,285,1.0,44.0,11642.09,72.7
2025-12-09T18:09:47.284500Z,692,281,1.0,87.5,11642.16,72.7
2025-12-09T18:09:47.329121Z,690,267,1.0,50.0,11642.71,72.7
2025-12-09T18:09:47.349715Z,686,253,1.0,12.5,11642.65,72.7
2025-12-09T18:09:47.396182Z,685,244,1.0,12.5,11642.45,72.7
2025-12-09T18:09:47.416285Z,684,249,1.0,16.7,11642.38,72.7
2025-12-09T18:09:47.473743Z,685,258,1.0,0.0,11642.43,72.7
2025-12-09T18:09:47.500457Z,686,262,1.0,56.2,11642.38,72.7
2025-12-09T18:09:47.539178Z,692,264,1.0,23.5,11642.46,72.7
2025-12-09T18:09:47.561850Z,697,266,1.0,37.5,11642.52,72.7
2025-12-09T18:09:47.604135Z,689,260,1.0,11.1,11642.29,72.7
2025-12-09T18:09:47.641113Z,671,249,1.0,36.4,11642.37,72.7
2025-12-09T18:09:47.663804Z,646,237,1.0,0.0,11642.45,72.7
2025-12-09T18:09:47.689047Z,630,235,1.0,56.2,11642.47,72.7
2025-12-09T18:09:47.728713Z,615,232,1.0,8.3,11642.56,72.7
2025-12-09T18:09:47.748670Z,607,229,1.0,12.5,11642.51,72.7
2025-12-09T18:09:47.795836Z,602,231,1.0,37.5,11642.46,72.7
2025-12-09T18:09:47.827579Z,599,238,1.0,6.2,11642.52,72.7
2025-12-09T18:09:47.873558Z,594,252,1.0,4.2,11642.53,72.7
2025-12-09T18:09:47.905249Z,588,260,1.0,6.7,11642.6,72.7
2025-12-09T18:09:47.936932Z,584,265,1.0,47.1,11642.63,72.7
2025-12-09T18:09:47.967134Z,584,264,1.0,6.2,11642.69,72.7
2025-12-09T18:09:48.005430Z,586,258,1.0,6.2,11642.56,72.7
2025-12-09T18:09:48.030030Z,586,253,1.0,37.5,11642.6,72.7
2025-12-09T18:09:48.066444Z,587,247,1.0,47.1,11642.57,72.7
2025-12-09T18:09:48.085044Z,589,243,1.0,25.0,11642.68,72.7
2025-12-09T18:09:48.128207Z,593,241,1.0,4.2,11642.75,72.7
2025-12-09T18:09:48.148154Z,596,243,1.0,50.0,11642.75,72.7
2025-12-09T18:09:48.196847Z,598,252,1.0,16.7,11642.87,72.7
2025-12-09T18:09:48.219813Z,598,263,1.0,0.0,11649.11,72.8
2025-12-09T18:09:48.273283Z,598,267,1.0,4.2,11645.06,72.8
2025-12-09T18:09:48.294228Z,597,263,1.0,31.2,11643.42,72.7
2025-12-09T18:09:48.339313Z,595,256,1.0,12.5,11642.85,72.7
2025-12-09T18:09:48.376369Z,594,255,1.0,0.0,11642.71,72.7
2025-12-09T18:09:48.405227Z,593,253,1.0,29.4,11641.47,72.7
2025-12-09T18:09:48.439341Z,593,248,1.0,0.0,11641.58,72.7
2025-12-09T18:09:48.465541Z,592,244,1.0,43.8,11641.48,72.7
2025-12-09T18:09:48.499825Z,590,245,1.0,50.0,11641.53,72.7
2025-12-09T18:09:48.529984Z,589,248,1.0,18.8,11641.55,72.7
2025-12-09T18:09:48.550928Z,586,250,1.0,25.0,11642.02,72.7
2025-12-09T18:09:48.596446Z,586,249,1.0,12.5,11641.95,72.7
2025-12-09T18:09:48.615395Z,585,242,1.0,12.5,11641.88,72.7
2025-12-09T18:09:48.672746Z,589,237,1.0,28.1,11641.96,72.7
2025-12-09T18:09:48.705615Z,594,237,1.0,0.0,11641.93,72.7
2025-12-09T18:09:48.736009Z,599,242,1.0,6.2,11642.07,72.7
2025-12-09T18:09:48.767021Z,602,248,1.0,6.2,11642.03,72.7
2025-12-09T18:09:48.806047Z,603,248,1.0,62.5,11641.9,72.7
2025-12-09T18:09:48.832739Z,599,244,1.0,12.5,11642.25,72.7
2025-12-09T18:09:48.864388Z,596,245,1.0,6.2,11642.24,72.7
2025-12-09T18:09:48.883337Z,596,251,1.0,12.5,11642.17,72.7
2025-12-09T18:09:48.929854Z,599,258,1.0,8.3,11642.25,72.7
2025-12-09T18:09:48.955499Z,598,257,1.0,17.6,11642.29,72.7
2025-12-09T18:09:48.995524Z,594,256,1.0,12.5,11642.13,72.7
2025-12-09T18:09:49.019321Z,592,254,1.0,25.0,11642.23,72.7
2025-12-09T18:09:49.072393Z,590,256,1.0,12.0,11642.35,72.7
2025-12-09T18:09:49.092339Z,591,255,1.0,6.7,11642.29,72.7
2025-12-09T18:09:49.138728Z,595,257,1.0,4.2,11642.35,72.7
2025-12-09T18:09:49.159673Z,598,257,1.0,22.2,11595.24,72.4
2025-12-09T18:09:49.206292Z,601,254,1.0,8.3,11593.49,72.4
2025-12-09T18:09:49.238216Z,602,248,1.0,50.0,11593.43,72.4
2025-12-09T18:09:49.263947Z,604,245,1.0,20.0,11593.41,72.4
2025-12-09T18:09:49.283573Z,605,247,1.0,22.2,11593.4,72.4
2025-12-09T18:09:49.329367Z,600,249,1.0,66.7,11593.38,72.4
2025-12-09T18:09:49.348383Z,594,248,1.0,12.5,11593.35,72.4
2025-12-09T18:09:49.396135Z,588,246,1.0,12.5,11593.1,72.4
2025-12-09T18:09:49.416156Z,589,249,1.0,20.0,11607.35,72.5
2025-12-09T18:09:49.471197Z,593,254,1.0,0.0,11601.61,72.5
2025-12-09T18:09:49.504096Z,595,259,1.0,50.0,11605.09,72.5
2025-12-09T18:09:49.538992Z,596,257,1.0,25.0,11602.2,72.5
2025-12-09T18:09:49.560932Z,596,252,1.0,25.0,11603.77,72.5
2025-12-09T18:09:49.605059Z,596,246,1.0,8.3,11602.18,72.5
2025-12-09T18:09:49.643684Z,597,245,1.0,11.8,11600.58,72.5
2025-12-09T18:09:49.662697Z,595,247,1.0,37.5,11599.14,72.5
2025-12-09T18:09:49.690425Z,591,248,1.0,6.2,11598.24,72.5
2025-12-09T18:09:49.731398Z,589,249,1.0,16.7,11597.67,72.5
2025-12-09T18:09:49.751467Z,589,249,1.0,0.0,11597.5,72.5
2025-12-09T18:09:49.796993Z,595,249,1.0,54.2,11596.34,72.4
2025-12-09T18:09:49.830513Z,601,246,1.0,17.6,11595.7,72.4
2025-12-09T18:09:49.873532Z,603,240,1.0,28.0,11595.73,72.4
2025-12-09T18:09:49.892625Z,601,235,1.0,0.0,11595.41,72.4
2025-12-09T18:09:49.938530Z,602,230,1.0,4.2,11595.46,72.4
2025-12-09T18:09:49.968021Z,608,228,1.0,0.0,11595.3,72.4
2025-12-09T18:09:50.003410Z,615,223,1.0,0.0,11594.46,72.4
2025-12-09T18:09:50.025411Z,616,221,1.0,35.7,11594.42,72.4
2025-12-09T18:09:50.065600Z,613,221,1.0,27.8,11594.22,72.4
2025-12-09T18:09:50.087940Z,609,223,1.0,12.5,11594.07,72.4
2025-12-09T18:09:50.128790Z,608,227,1.0,4.2,11594.1,72.4
2025-12-09T18:09:50.148737Z,610,231,1.0,12.5,11594.03,72.4
2025-12-09T18:09:50.208578Z,612,228,1.0,78.1,11593.9,72.4
2025-12-09T18:09:50.230518Z,612,224,1.0,18.8,11592.7,72.4
2025-12-09T18:09:50.273278Z,614,220,1.0,0.0,11592.54,72.4
2025-12-09T18:09:50.298721Z,616,220,1.0,47.1,11592.49,72.4
2025-12-09T18:09:50.337533Z,616,222,1.0,50.0,11592.45,72.4
2025-12-09T18:09:50.358608Z,613,222,1.0,12.5,11592.38,72.4
2025-12-09T18:09:50.404667Z,609,225,1.0,13.0,11591.59,72.4
2025-12-09T18:09:50.425610Z,605,227,1.0,20.0,11591.58,72.4
2025-12-09T18:09:50.465689Z,604,228,1.0,39.1,11591.56,72.4
2025-12-09T18:09:50.483731Z,608,229,1.0,88.9,11591.56,72.4
2025-12-09T18:09:50.530232Z,614,231,1.0,24.0,11591.55,72.4
2025-12-09T18:09:50.550247Z,616,234,1.0,25.0,11591.54,72.4
2025-12-09T18:09:50.597885Z,610,234,1.0,16.0,11600.05,72.5
2025-12-09T18:09:50.625780Z,603,229,1.0,12.5,11608.41,72.5
2025-12-09T18:09:50.673909Z,598,225,1.0,0.0,11600.8,72.5
2025-12-09T18:09:50.701527Z,596,226,1.0,37.5,11603.98,72.5
2025-12-09T18:09:50.738135Z,600,230,1.0,0.0,11598.75,72.5
2025-12-09T18:09:50.758078Z,605,233,1.0,12.5,11598.55,72.5
2025-12-09T18:09:50.805267Z,612,229,1.0,29.2,11596.89,72.5
2025-12-09T18:09:50.826210Z,615,223,1.0,18.8,11595.95,72.4
2025-12-09T18:09:50.865660Z,612,220,1.0,0.0,11594.64,72.4
2025-12-09T18:09:50.883626Z,606,224,1.0,12.5,11594.3,72.4
2025-12-09T18:09:50.929801Z,602,230,1.0,8.3,11593.56,72.4
2025-12-09T18:09:50.948675Z,605,236,1.0,12.5,11593.22,72.4
2025-12-09T18:09:50.996749Z,608,236,1.0,8.3,11592.21,72.4
2025-12-09T18:09:51.029629Z,609,234,1.0,12.5,11592.06,72.4
2025-12-09T18:09:51.074725Z,609,230,1.0,32.0,11592.04,72.4
2025-12-09T18:09:51.106971Z,610,229,1.0,6.2,11592.01,72.4
2025-12-09T18:09:51.135187Z,610,230,1.0,12.5,11591.95,72.4
2025-12-09T18:09:51.171186Z,608,225,1.0,18.8,11591.95,72.4
2025-12-09T18:09:51.203310Z,607,222,1.0,47.1,11591.8,72.4
2025-12-09T18:09:51.231303Z,607,222,1.0,6.2,11591.7,72.4
2025-12-09T18:09:51.265399Z,611,225,1.0,50.0,11591.72,72.4
2025-12-09T18:09:51.285667Z,616,226,1.0,12.5,11591.75,72.4
2025-12-09T18:09:51.328309Z,620,221,1.0,37.5,11591.73,72.4
2025-12-09T18:09:51.348316Z,622,217,1.0,0.0,11591.7,72.4
2025-12-09T18:09:51.398337Z,616,213,1.0,12.5,11591.52,72.4
2025-12-09T18:09:51.421490Z,607,212,1.0,12.5,11591.52,72.4
2025-12-09T18:09:51.472214Z,599,215,1.0,0.0,11591.52,72.4
2025-12-09T18:09:51.496862Z,596,220,1.0,12.5,11591.52,72.4
2025-12-09T18:09:51.536899Z,598,228,1.0,43.8,11591.52,72.4
2025-12-09T18:09:51.557910Z,599,233,1.0,35.3,11591.71,72.4
2025-12-09T18:09:51.604949Z,600,237,1.0,8.3,11591.54,72.4
2025-12-09T18:09:51.625959Z,599,240,1.0,100.0,11591.6,72.4
2025-12-09T18:09:51.665084Z,597,237,1.0,11.1,11591.62,72.4
2025-12-09T18:09:51.684035Z,596,232,1.0,7.1,11591.65,72.4
2025-12-09T18:09:51.729382Z,597,230,1.0,4.5,11591.62,72.4
2025-12-09T18:09:51.748331Z,599,230,1.0,20.0,11591.62,72.4
2025-12-09T18:09:51.799241Z,600,232,1.0,41.7,11591.53,72.4
2025-12-09T18:09:51.819133Z,599,233,1.0,100.0,11590.55,72.4
2025-12-09T18:09:51.872039Z,597,232,1.0,6.2,11590.42,72.4
2025-12-09T18:09:51.900802Z,594,230,1.0,6.2,11590.71,72.4
2025-12-09T18:09:51.939577Z,572,237,1.0,50.0,11597.57,72.5
2025-12-09T18:09:51.963099Z,543,248,1.0,22.2,11594.21,72.4
2025-12-09T18:09:52.005372Z,514,257,1.0,4.3,11595.08,72.4
2025-12-09T18:09:52.026344Z,504,260,1.0,33.3,11599.5,72.5
2025-12-09T18:09:52.065661Z,501,255,1.0,5.0,11593.84,72.4
2025-12-09T18:09:52.083613Z,496,250,1.0,100.0,11594.98,72.4
2025-12-09T18:09:52.128328Z,493,249,1.0,4.2,11591.11,72.4
2025-12-09T18:09:52.148344Z,492,255,1.0,12.5,11591.91,72.4
2025-12-09T18:09:52.196803Z,493,266,1.0,10.3,11588.29,72.4
2025-12-09T18:09:52.217747Z,495,269,1.0,9.1,11588.29,72.4
2025-12-09T18:09:52.272373Z,497,265,1.0,8.3,11587.15,72.4
2025-12-09T18:09:52.294381Z,499,257,1.0,31.2,11586.81,72.4
2025-12-09T18:09:52.338030Z,499,250,1.0,9.1,11586.3,72.4
2025-12-09T18:09:52.358928Z,496,248,1.0,9.1,11586.07,72.4
2025-12-09T18:09:52.404241Z,496,252,1.0,8.3,11585.62,72.4
2025-12-09T18:09:52.426071Z,497,258,1.0,0.0,11585.45,72.4
2025-12-09T18:09:52.465733Z,498,262,1.0,8.3,11585.5,72.4
2025-12-09T18:09:52.485090Z,499,260,1.0,100.0,11585.4,72.4
2025-12-09T18:09:52.529146Z,499,252,1.0,40.0,11585.42,72.4
2025-12-09T18:09:52.549026Z,501,247,1.0,75.0,11585.34,72.4
2025-12-09T18:09:52.599012Z,499,249,1.0,12.5,11585.17,72.4
2025-12-09T18:09:52.619905Z,496,252,1.0,20.0,11585.23,72.4
2025-12-09T18:09:52.673524Z,493,256,1.0,0.0,11585.2,72.4
2025-12-09T18:09:52.695094Z,493,254,1.0,0.0,11585.19,72.4
2025-12-09T18:09:52.737705Z,496,259,1.0,4.2,11585.17,72.4
2025-12-09T18:09:52.757675Z,496,263,1.0,12.5,11585.17,72.4
2025-12-09T18:09:52.804224Z,493,267,1.0,25.0,11585.05,72.4
2025-12-09T18:09:52.825963Z,486,269,1.0,12.5,11585.04,72.4
2025-12-09T18:09:52.865893Z,483,269,1.0,0.0,11585.06,72.4
2025-12-09T18:09:52.884827Z,483,269,1.0,23.5,11585.02,72.4
2025-12-09T18:09:52.929274Z,489,263,1.0,0.0,11584.99,72.4
2025-12-09T18:09:52.962368Z,496,259,1.0,6.2,11584.98,72.4
2025-12-09T18:09:52.995833Z,500,254,1.0,12.5,11584.82,72.4
2025-12-09T18:09:53.014793Z,500,253,1.0,12.5,11583.22,72.4
2025-12-09T18:09:53.073588Z,488,257,1.0,28.1,11583.01,72.4
2025-12-09T18:09:53.093531Z,474,265,1.0,12.5,11575.2,72.3
2025-12-09T18:09:53.139207Z,472,264,1.0,4.2,11574.8,72.3
2025-12-09T18:09:53.165923Z,483,256,1.0,0.0,11574.62,72.3
2025-12-09T18:09:53.206699Z,496,248,1.0,4.2,11573.33,72.3
2025-12-09T18:09:53.227745Z,498,248,1.0,100.0,11573.5,72.3
2025-12-09T18:09:53.264992Z,492,250,1.0,28.0,11573.54,72.3
2025-12-09T18:09:53.283940Z,486,249,1.0,12.5,11584.64,72.4
2025-12-09T18:09:53.328193Z,485,247,1.0,37.5,11590.17,72.4
2025-12-09T18:09:53.351888Z,489,245,1.0,0.0,11591.74,72.4
2025-12-09T18:09:53.402152Z,496,246,1.0,10.0,11591.58,72.4
2025-12-09T18:09:53.423393Z,626,323,1.0,50.0,11596.88,72.5
2025-12-09T18:09:53.474057Z,701,439,1.0,0.0,11591.67,72.4
2025-12-09T18:09:53.494989Z,762,569,1.0,7.7,11591.68,72.4
2025-12-09T18:09:53.538725Z,692,634,1.0,15.8,11588.83,72.4
2025-12-09T18:09:53.559627Z,672,666,1.0,68.8,11588.67,72.4
2025-12-09T18:09:53.605482Z,674,682,1.0,18.2,11584.4,72.4
2025-12-09T18:09:53.633795Z,686,690,1.0,0.0,11584.06,72.4
2025-12-09T18:09:53.666393Z,691,695,1.0,15.8,11582.18,72.4
2025-12-09T18:09:53.689905Z,686,697,1.0,61.5,11581.96,72.4
2025-12-09T18:09:53.729024Z,656,698,1.0,4.5,11580.73,72.4
2025-12-09T18:09:53.761036Z,630,698,1.0,11.1,11580.55,72.4
2025-12-09T18:09:53.796688Z,602,698,1.0,43.8,11579.26,72.3
2025-12-09T18:09:53.815951Z,573,698,1.0,12.5,11579.0,72.3
2025-12-09T18:09:53.874635Z,584,698,1.0,28.1,11578.8,72.3
2025-12-09T18:09:53.895956Z,606,698,1.0,0.0,11578.83,72.3
2025-12-09T18:09:53.936843Z,620,698,1.0,8.3,11578.6,72.3
2025-12-09T18:09:53.957859Z,601,698,1.0,0.0,11578.63,72.3
2025-12-09T18:09:54.007456Z,524,654,0.709,16.7,11578.42,72.3
2025-12-09T18:09:54.028338Z,406,612,0.727,25.0,11578.41,72.3
2025-12-09T18:09:54.066100Z,249,554,1.0,58.8,11577.97,72.3
2025-12-09T18:09:54.087043Z,127,527,0.992,100.0,11577.82,72.3
2025-12-09T18:09:54.129763Z,68,524,1.0,4.2,11577.75,72.3
2025-12-09T18:09:54.155805Z,42,544,1.0,12.5,11577.71,72.3
2025-12-09T18:09:54.196006Z,77,567,1.0,6.2,11577.05,72.3
2025-12-09T18:09:54.215884Z,93,541,1.0,12.5,11575.21,72.3
2025-12-09T18:09:54.272925Z,154,543,1.0,16.7,11574.95,72.3
2025-12-09T18:09:54.294339Z,170,573,1.0,37.5,11574.78,72.3
2025-12-09T18:09:54.337682Z,241,631,1.0,22.2,11574.71,72.3
2025-12-09T18:09:54.359416Z,254,647,1.0,7.1,11574.59,72.3
2025-12-09T18:09:54.406086Z,258,644,1.0,8.3,11573.85,72.3
2025-12-09T18:09:54.436955Z,203,600,1.0,6.2,11574.44,72.3
2025-12-09T18:09:54.466274Z,143,528,1.0,6.2,11574.43,72.3
2025-12-09T18:09:54.487227Z,82,429,1.0,0.0,11574.62,72.3
2025-12-09T18:09:54.528476Z,43,382,1.0,41.7,11574.81,72.3
2025-12-09T18:09:54.558217Z,24,361,1.0,70.6,11575.26,72.3
2025-12-09T18:09:54.596908Z,15,361,1.0,0.0,11575.89,72.3
2025-12-09T18:09:54.617858Z,10,341,1.0,100.0,11575.77,72.3
2025-12-09T18:09:54.657433Z,7,362,1.0,37.5,11576.16,72.3
2025-12-09T18:09:54.682846Z,6,393,1.0,7.1,11576.7,72.3
2025-12-09T18:09:54.738993Z,26,465,1.0,0.0,11576.88,72.3
2025-12-09T18:09:54.759957Z,39,508,1.0,38.5,11591.55,72.4
2025-12-09T18:09:54.806967Z,90,572,1.0,48.1,11594.52,72.4
2025-12-09T18:09:54.827918Z,138,611,1.0,12.5,11596.05,72.4
2025-12-09T18:09:54.866062Z,196,616,1.0,0.0,11594.79,72.4
2025-12-09T18:09:54.886882Z,213,577,1.0,13.3,11595.09,72.4
2025-12-09T18:09:54.930438Z,247,557,1.0,0.0,11591.95,72.4
2025-12-09T18:09:54.950376Z,288,586,1.0,12.5,11591.89,72.4
2025-12-09T18:09:54.997135Z,369,633,1.0,12.5,11586.79,72.4
2025-12-09T18:09:55.027450Z,438,657,1.0,18.8,11588.44,72.4
2025-12-09T18:09:55.063390Z,484,651,1.0,68.8,11585.5,72.4
2025-12-09T18:09:55.083363Z,502,630,1.0,0.0,11586.19,72.4
2025-12-09T18:09:55.138723Z,487,593,1.0,6.2,11584.1,72.4
2025-12-09T18:09:55.165995Z,494,563,1.0,10.0,11584.05,72.4
2025-12-09T18:09:55.208414Z,486,549,1.0,8.7,11582.24,72.4
2025-12-09T18:09:55.229048Z,495,568,1.0,23.1,11581.96,72.4
2025-12-09T18:09:55.266149Z,454,592,1.0,42.1,11581.51,72.4
2025-12-09T18:09:55.287489Z,388,616,1.0,12.5,11581.5,72.4
2025-12-09T18:09:55.329696Z,269,628,1.0,58.3,11581.28,72.4
2025-12-09T18:09:55.357112Z,167,649,1.0,0.0,11581.29,72.4
2025-12-09T18:09:55.406980Z,137,570,1.0,100.0,11580.92,72.4
2025-12-09T18:09:55.430773Z,167,424,1.0,90.0,11579.48,72.3
2025-12-09T18:09:55.463159Z,182,337,1.0,10.5,11579.21,72.3
2025-12-09T18:09:55.493637Z,141,388,1.0,7.1,11579.1,72.3
2025-12-09T18:09:55.538355Z,119,518,1.0,9.5,11578.99,72.3
2025-12-09T18:09:55.559369Z,124,594,1.0,50.0,11578.91,72.3
2025-12-09T18:09:55.605931Z,199,617,1.0,12.5,11578.07,72.3
2025-12-09T18:09:55.626893Z,212,578,1.0,100.0,11578.06,72.3
2025-12-09T18:09:55.666697Z,203,519,1.0,8.3,11578.06,72.3
2025-12-09T18:09:55.688958Z,124,433,1.0,100.0,11578.06,72.3
2025-12-09T18:09:55.729474Z,90,372,1.0,4.3,11578.06,72.3
2025-12-09T18:09:55.749147Z,90,318,1.0,11.1,11578.05,72.3
2025-12-09T18:09:55.798917Z,137,270,1.0,45.8,11578.02,72.3
2025-12-09T18:09:55.818947Z,183,201,1.0,12.5,11578.08,72.3
2025-12-09T18:09:55.858840Z,272,117,1.0,8.3,11578.09,72.3
2025-12-09T18:09:55.882939Z,313,63,1.0,0.0,11578.06,72.3
2025-12-09T18:09:55.937443Z,346,36,1.0,3.1,11578.06,72.3
2025-12-09T18:09:55.958700Z,324,23,1.0,0.0,11578.06,72.3
2025-12-09T18:09:56.005509Z,306,16,1.0,8.3,11578.12,72.3
2025-12-09T18:09:56.026154Z,294,22,1.0,25.0,11578.07,72.3
2025-12-09T18:09:56.066327Z,243,25,1.0,58.8,11578.07,72.3
2025-12-09T18:09:56.088269Z,181,27,1.0,12.5,11578.13,72.3
2025-12-09T18:09:56.129257Z,94,49,1.0,12.0,11593.72,72.4
2025-12-09T18:09:56.163979Z,50,99,1.0,6.2,11592.59,72.4
2025-12-09T18:09:56.196901Z,27,169,1.0,12.5,11592.2,72.4
2025-12-09T18:09:56.215855Z,16,220,1.0,12.5,11598.88,72.5
2025-12-09T18:09:56.256561Z,11,273,1.0,0.0,11592.29,72.4
2025-12-09T18:09:56.289726Z,8,332,1.0,6.2,11593.25,72.4
2025-12-09T18:09:56.340239Z,15,392,1.0,24.2,11589.62,72.4
2025-12-09T18:09:56.365846Z,18,427,1.0,0.0,11588.3,72.4
2025-12-09T18:09:56.407095Z,20,452,1.0,12.5,11585.03,72.4
2025-12-09T18:09:56.428725Z,13,470,1.0,0.0,11582.88,72.4
2025-12-09T18:09:56.465937Z,10,505,1.0,12.5,11580.48,72.4
2025-12-09T18:09:56.487264Z,22,518,1.0,12.5,11580.21,72.3
2025-12-09T18:09:56.530111Z,49,463,1.0,45.8,11578.82,72.3
2025-12-09T18:09:56.555765Z,65,407,1.0,87.5,11578.27,72.3
2025-12-09T18:09:56.598079Z,69,380,1.0,24.0,11576.85,72.3
2025-12-09T18:09:56.616975Z,71,404,1.0,12.5,11576.72,72.3
2025-12-09T18:09:56.658304Z,87,431,1.0,25.0,11576.77,72.3
2025-12-09T18:09:56.683395Z,86,412,1.0,12.5,11576.91,72.3
2025-12-09T18:09:56.739555Z,65,442,1.0,6.2,11577.45,72.3
2025-12-09T18:09:56.759887Z,36,436,1.0,18.8,11577.38,72.3
2025-12-09T18:09:56.805592Z,20,455,1.0,56.2,11577.6,72.3
2025-12-09T18:09:56.838317Z,13,450,1.0,6.2,11577.61,72.3
2025-12-09T18:09:56.867709Z,9,478,1.0,6.2,11577.8,72.3
2025-12-09T18:09:56.890159Z,9,515,1.0,12.5,11577.89,72.3
2025-12-09T18:09:56.930294Z,10,538,1.0,0.0,11577.94,72.3
2025-12-09T18:09:56.962328Z,10,524,1.0,15.8,11578.33,72.3
2025-12-09T18:09:56.997218Z,9,494,1.0,9.5,11578.32,72.3
2025-12-09T18:09:57.026846Z,10,462,1.0,25.0,11578.52,72.3
2025-12-09T18:09:57.059281Z,10,471,1.0,52.9,11581.18,72.4
2025-12-09T18:09:57.090592Z,9,489,1.0,6.7,11582.62,72.4
2025-12-09T18:09:57.138567Z,7,545,1.0,4.2,11582.5,72.4
2025-12-09T18:09:57.166140Z,6,574,1.0,0.0,11582.43,72.4
2025-12-09T18:09:57.207019Z,5,586,1.0,0.0,11582.29,72.4
2025-12-09T18:09:57.230338Z,5,561,1.0,13.3,11582.36,72.4
2025-12-09T18:09:57.266130Z,28,563,0.79,47.1,11582.43,72.4
2025-12-09T18:09:57.288385Z,106,572,0.789,0.0,11582.48,72.4
2025-12-09T18:09:57.329894Z,159,596,0.986,45.8,11582.52,72.4
2025-12-09T18:09:57.355162Z,162,586,0.943,10.0,11582.49,72.4
2025-12-09T18:09:57.396969Z,110,602,1.0,9.1,11582.43,72.4
2025-12-09T18:09:57.416080Z,71,622,1.0,20.0,11582.36,72.4
2025-12-09T18:09:57.457881Z,67,643,1.0,0.0,11590.5,72.4
2025-12-09T18:09:57.479134Z,59,620,1.0,16.7,11597.46,72.5
2025-12-09T18:09:57.535436Z,87,562,1.0,3.6,11596.89,72.5
2025-12-09T18:09:57.555372Z,105,506,1.0,50.0,11599.23,72.5
2025-12-09T18:09:57.606086Z,109,460,1.0,35.5,11599.41,72.5
2025-12-09T18:09:57.634056Z,78,432,1.0,9.1,11593.85,72.4
2025-12-09T18:09:57.666390Z,60,429,1.0,15.8,11593.93,72.4
2025-12-09T18:09:57.688983Z,53,433,1.0,72.7,11590.59,72.4
2025-12-09T18:09:57.729558Z,50,487,1.0,4.2,11586.62,72.4
2025-12-09T18:09:57.749025Z,40,546,1.0,12.5,11585.7,72.4
2025-12-09T18:09:57.796812Z,62,622,1.0,45.8,11584.28,72.4
2025-12-09T18:09:57.822723Z,103,644,1.0,22.2,11582.3,72.4
2025-12-09T18:09:57.859014Z,114,655,1.0,8.3,11582.06,72.4
2025-12-09T18:09:57.883800Z,94,642,1.0,10.0,11581.02,72.4
2025-12-09T18:09:57.938430Z,69,652,1.0,3.3,11580.97,72.4
2025-12-09T18:09:57.959441Z,86,656,1.0,0.0,11580.5,72.4
2025-12-09T18:09:58.006011Z,94,670,1.0,8.3,11580.19,72.3
2025-12-09T18:09:58.027339Z,89,669,1.0,25.0,11580.04,72.3
2025-12-09T18:09:58.066342Z,57,669,1.0,62.5,11579.05,72.3
2025-12-09T18:09:58.087272Z,37,675,1.0,12.5,11578.81,72.3
2025-12-09T18:09:58.128904Z,21,685,1.0,12.0,11578.75,72.3
2025-12-09T18:09:58.148916Z,13,687,1.0,12.5,11578.64,72.3
2025-12-09T18:09:58.196836Z,45,688,1.0,11.5,11577.84,72.3
2025-12-09T18:09:58.227200Z,79,690,1.0,0.0,11577.84,72.3
2025-12-09T18:09:58.260836Z,104,677,1.0,6.2,11577.84,72.3
2025-12-09T18:09:58.289271Z,81,666,1.0,6.2,11577.82,72.3
2025-12-09T18:09:58.338350Z,52,660,1.0,28.6,11577.82,72.3
2025-12-09T18:09:58.359319Z,29,673,1.0,8.3,11577.81,72.3
2025-12-09T18:09:58.407534Z,17,685,1.0,37.5,11577.75,72.3
2025-12-09T18:09:58.428477Z,11,689,1.0,0.0,11577.75,72.3
